01-04-2015,59.75,
02-04-2015,59.55,
03-04-2015,57.86,
04-04-2015,58.07,
05-04-2015,57.96,
06-04-2015,59.69,
07-04-2015,59.74,
08-04-2015,59.55,
09-04-2015,60.68,
10-04-2015,61.83,
11-04-2015,60.43,
12-04-2015,55.45,
13-04-2015,55.77,
14-04-2015,55.77,
15-04-2015,57.19,
16-04-2015,57.95,
17-04-2015,58.4,
18-04-2015,58.4,
19-04-2015,57.6,
20-04-2015,59.38,
21-04-2015,62.17,
22-04-2015,61.98,
23-04-2015,60.91,
24-04-2015,61.41,
25-04-2015,55.77,
26-04-2015,57.06,
27-04-2015,58.9,
28-04-2015,59.26,
29-04-2015,61.19,
30-04-2015,60.54,
01-05-2015,60.03,
02-05-2015,61.43,
03-05-2015,60.06,
04-05-2015,62.02,
05-05-2015,62.57,
06-05-2015,63.26,
07-05-2015,63.16,
08-05-2015,62.91,
09-05-2015,63.55,
10-05-2015,62.19,
11-05-2015,61.03,
12-05-2015,61.69,
13-05-2015,60.37,
14-05-2015,60.18,
15-05-2015,61.03,
16-05-2015,60.04,
17-05-2015,57.45,
18-05-2015,59.75,
19-05-2015,59.97,
20-05-2015,59.87,
21-05-2015,62.16,
22-05-2015,62.37,
23-05-2015,61.63,
24-05-2015,58.49,
25-05-2015,61.22,
26-05-2015,62.81,
27-05-2015,62.78,
28-05-2015,62.99,
29-05-2015,63.08,
30-05-2015,63.75,
31-05-2015,61.78,
01-06-2015,57.83,
02-06-2015,59.38,
03-06-2015,60.54,
04-06-2015,61.37,
05-06-2015,61.61,
06-06-2015,61.59,
07-06-2015,60.15,
08-06-2015,61.56,
09-06-2015,60.91,
10-06-2015,61.63,
11-06-2015,61.22,
12-06-2015,60.88,
13-06-2015,59.28,
14-06-2015,53.77,
15-06-2015,56.75,
16-06-2015,58.84,
17-06-2015,60.39,
18-06-2015,60.39,
19-06-2015,60.39,
20-06-2015,57.38,
21-06-2015,53.16,
22-06-2015,54.45,
23-06-2015,54.3,
24-06-2015,50.95,
25-06-2015,49.69,
26-06-2015,51.97,
27-06-2015,53.4,
28-06-2015,54.78,
29-06-2015,56.62,
30-06-2015,56.97,
02-07-2015,58.32,
03-07-2015,58.81,
04-07-2015,58.04,
05-07-2015,57.87,
06-07-2015,57.47,
07-07-2015,57.93,
08-07-2015,57.93,
09-07-2015,57.62,
10-07-2015,56.35,
11-07-2015,55.46,
12-07-2015,52.9,
13-07-2015,56.64,
14-07-2015,59.43,
15-07-2015,60.65,
16-07-2015,60.2,
17-07-2015,59.5,
18-07-2015,59.15,
19-07-2015,54.93,
20-07-2015,56.34,
21-07-2015,57.76,
22-07-2015,58.5,
23-07-2015,58.78,
24-07-2015,58.65,
25-07-2015,57.88,
26-07-2015,51.67,
27-07-2015,52.43,
28-07-2015,52.58,
29-07-2015,52.66,
30-07-2015,53.21,
31-07-2015,52.92,
01-08-2015,51.85,
02-08-2015,51.02,
03-08-2015,53.29,
04-08-2015,53.89,
05-08-2015,54.04,
06-08-2015,54.42,
07-08-2015,55.54,
08-08-2015,54.75,
09-08-2015,54.78,
10-08-2015,57.21,
11-08-2015,55.81,
12-08-2015,54.59,
13-08-2015,54.15,
14-08-2015,54.17,
15-08-2015,51.73,
16-08-2015,50.98,
17-08-2015,53.74,
18-08-2015,54.82,
19-08-2015,55.7,
20-08-2015,55.24,
21-08-2015,54.84,
22-08-2015,55.23,
23-08-2015,54.76,
24-08-2015,57.2,
25-08-2015,59.59,
26-08-2015,61.17,
27-08-2015,62.32,
28-08-2015,62.97,
29-08-2015,61.86,
30-08-2015,60.39,
31-08-2015,63.1,
01-09-2015,63.14,
02-09-2015,62.47,
03-09-2015,63.92,
04-09-2015,63.78,
05-09-2015,63.78,
06-09-2015,63.41,
07-09-2015,64.49,
08-09-2015,65.27,
09-09-2015,65.82,
10-09-2015,66.11,
11-09-2015,65.24,
12-09-2015,64.42,
13-09-2015,63.45,
14-09-2015,64.36,
15-09-2015,64.68,
16-09-2015,63.65,
17-09-2015,61.99,
18-09-2015,60.68,
19-09-2015,59.05,
20-09-2015,55.05,
21-09-2015,55.59,
22-09-2015,55.98,
23-09-2015,55.92,
24-09-2015,56.37,
25-09-2015,57.09,
26-09-2015,57.92,
27-09-2015,58.87,
28-09-2015,62.13,
29-09-2015,65.36,
30-09-2015,66.16,
01-10-2015,60.74,
02-10-2015,59.42,
03-10-2015,58.61,
04-10-2015,57.91,
05-10-2015,59.68,
06-10-2015,60.62,
07-10-2015,61.24,
08-10-2015,61.78,
10-10-2015,61.44,
11-10-2015,60.01,
12-10-2015,60.85,
13-10-2015,61.86,
14-10-2015,61.21,
15-10-2015,60.69,
16-10-2015,60.98,
17-10-2015,61.48,
18-10-2015,60.86,
19-10-2015,62.11,
20-10-2015,63.22,
21-10-2015,62.47,
22-10-2015,59.78,
23-10-2015,59.63,
24-10-2015,59.46,
25-10-2015,58.6,
26-10-2015,58.19,
27-10-2015,59.11,
28-10-2015,57.15,
29-10-2015,55.89,
30-10-2015,55.64,
31-10-2015,55.22,
01-11-2015,54.74,
02-11-2015,56.19,
03-11-2015,57.18,
04-11-2015,57.8,
05-11-2015,57.3,
06-11-2015,57.8,
07-11-2015,57.2,
08-11-2015,57.23,
09-11-2015,55.93,
10-11-2015,53.65,
11-11-2015,50.86,
12-11-2015,50.45,
13-11-2015,51.63,
14-11-2015,52.26,
15-11-2015,53.26,
16-11-2015,53.34,
17-11-2015,53.66,
18-11-2015,53.11,
19-11-2015,52.75,
20-11-2015,52.27,
21-11-2015,51.95,
22-11-2015,52.28,
23-11-2015,53.54,
24-11-2015,53.91,
25-11-2015,54.75,
26-11-2015,54.67,
27-11-2015,54.08,
28-11-2015,55.02,
29-11-2015,53,
30-11-2015,54.51,
01-12-2015,54.87,
02-12-2015,53.28,
03-12-2015,53.56,
04-12-2015,53.59,
05-12-2015,53.8,
06-12-2015,52.53,
07-12-2015,53.92,
08-12-2015,54.97,
09-12-2015,54.63,
10-12-2015,55.42,
11-12-2015,54.85,
12-12-2015,55.45,
13-12-2015,54.65,
14-12-2015,55.27,
15-12-2015,56.23,
16-12-2015,57.02,
17-12-2015,56.55,
18-12-2015,56.44,
19-12-2015,57.01,
20-12-2015,55.64,
21-12-2015,57,
22-12-2015,58.23,
23-12-2015,57.89,
24-12-2015,56.73,
25-12-2015,55.94,
26-12-2015,55.39,
27-12-2015,54.1,
28-12-2015,54.74,
29-12-2015,55.4,
30-12-2015,56.1,
31-12-2015,56.08,
01-01-2016,56.3,
02-01-2016,56.76,
03-01-2016,56.65,
04-01-2016,57.6,
05-01-2016,58.1,
06-01-2016,-,
07-01-2016,58.41,
08-01-2016,57.97,
09-01-2016,57.55,
10-01-2016,56.96,
11-01-2016,57.93,
12-01-2016,59.16,
13-01-2016,58.95,
14-01-2016,57.98,
15-01-2016,56.51,
16-01-2016,55.54,
17-01-2016,55.54,
18-01-2016,56.97,
19-01-2016,56.37,
20-01-2016,56.18,
21-01-2016,56.99,
22-01-2016,56.94,
23-01-2016,57.06,
24-01-2016,56.43,
25-01-2016,58.17,
26-01-2016,55.97,
27-01-2016,58.15,
28-01-2016,59.54,
29-01-2016,59.52,
30-01-2016,59.15,
31-01-2016,57.27,
01-02-2016,58.3,
02-02-2016,58.44,
03-02-2016,58.77,
04-02-2016,59.18,
05-02-2016,59.07,
06-02-2016,58.96,
07-02-2016,57.63,
08-02-2016,58.11,
09-02-2016,59.08,
10-02-2016,59.27,
11-02-2016,59.06,
12-02-2016,58.59,
13-02-2016,58.16,
15-02-2016,58.01,
16-02-2016,58.21,
17-02-2016,58.41,
18-02-2016,58.51,
19-02-2016,60.07,
20-02-2016,59.53,
21-02-2016,57.76,
22-02-2016,59.5,
23-02-2016,60.17,
24-02-2016,60.81,
25-02-2016,61.39,
26-02-2016,61.19,
27-02-2016,59.97,
28-02-2016,58.28,
29-02-2016,59.8,
01-03-2016,60.34,
02-03-2016,60.52,
03-03-2016,60.44,
04-03-2016,60.86,
05-03-2016,58.58,
06-03-2016,55.45,
07-03-2016,57.73,
08-03-2016,58.7,
09-03-2016,60.9,
10-03-2016,61.27,
11-03-2016,60.01,
12-03-2016,57.26,
13-03-2016,54.85,
14-03-2016,56.23,
15-03-2016,57.73,
16-03-2016,58.82,
17-03-2016,59.56,
18-03-2016,59.65,
19-03-2016,59.62,
20-03-2016,58.03,
21-03-2016,59.9,
22-03-2016,60.36,
23-03-2016,59.97,
25-03-2016,58.01,
26-03-2016,60.45,
27-03-2016,59.03,
28-03-2016,59.83,
29-03-2016,61.52,
30-03-2016,61.46,
31-03-2016,61.98,
01-04-2016,56.39,
02-04-2016,57.14,
03-04-2016,55.64,
04-04-2016,57.43,
05-04-2016,57.64,
06-04-2016,57.48,
07-04-2016,57.2,
08-04-2016,56.85,
09-04-2016,57.42,
10-04-2016,56.33,
11-04-2016,57.27,
12-04-2016,57.92,
13-04-2016,58.09,
14-04-2016,59.28,
15-04-2016,59.42,
16-04-2016,59.54,
17-04-2016,57.45,
18-04-2016,59.64,
19-04-2016,60.03,
20-04-2016,60.53,
21-04-2016,58.79,
22-04-2016,57.14,
23-04-2016,57.9,
24-04-2016,56.84,
25-04-2016,58.35,
26-04-2016,58.87,
27-04-2016,58.74,
28-04-2016,60.14,
29-04-2016,60.99,
30-04-2016,59.78,
01-05-2016,56.64,
02-05-2016,58.2,
03-05-2016,58.63,
04-05-2016,57.58,
05-05-2016,57.32,
06-05-2016,56.84,
07-05-2016,58.21,
08-05-2016,55.51,
09-05-2016,56.98,
10-05-2016,56.49,
11-05-2016,-,
12-05-2016,58.31,
13-05-2016,57.65,
14-05-2016,56.66,
15-05-2016,55.84,
16-05-2016,56.55,
17-05-2016,57.47,
18-05-2016,56.62,
19-05-2016,55.72,
20-05-2016,53.4,
21-05-2016,51.14,
22-05-2016,50.87,
23-05-2016,49.88,
24-05-2016,48.77,
25-05-2016,50.2,
26-05-2016,52.59,
27-05-2016,54.56,
28-05-2016,53.8,
29-05-2016,48,
30-05-2016,49.92,
31-05-2016,52.99,
01-06-2016,54.81,
02-06-2016,55.27,
03-06-2016,57.15,
04-06-2016,57.24,
05-06-2016,54.56,
06-06-2016,55.09,
07-06-2016,54.87,
08-06-2016,54.84,
09-06-2016,54.43,
10-06-2016,54.14,
11-06-2016,51.81,
12-06-2016,49.99,
13-06-2016,51.43,
14-06-2016,51.55,
15-06-2016,52.32,
16-06-2016,53.55,
17-06-2016,55.11,
18-06-2016,54.99,
19-06-2016,53.46,
20-06-2016,55.08,
21-06-2016,54.31,
22-06-2016,53.23,
23-06-2016,53.77,
24-06-2016,54.3,
25-06-2016,54.09,
26-06-2016,52.8,
27-06-2016,53.52,
28-06-2016,52.66,
29-06-2016,53.34,
30-06-2016,53.3,
01-07-2016,51.24,
02-07-2016,45.82,
03-07-2016,43.39,
04-07-2016,45.3,
05-07-2016,46.47,
06-07-2016,46.06,
07-07-2016,48.64,
08-07-2016,49.1,
09-07-2016,46.68,
10-07-2016,45.2,
11-07-2016,46.9,
12-07-2016,47.83,
13-07-2016,49.95,
14-07-2016,50.37,
15-07-2016,50.96,
16-07-2016,47.43,
17-07-2016,43.26,
18-07-2016,44.8,
19-07-2016,46.65,
20-07-2016,49,
21-07-2016,50.07,
22-07-2016,50.85,
23-07-2016,50.14,
24-07-2016,49.52,
25-07-2016,51.57,
26-07-2016,52.22,
27-07-2016,49.39,
28-07-2016,49.44,
29-07-2016,47.47,
30-07-2016,46.27,
31-07-2016,44.3,
01-08-2016,42.88,
02-08-2016,43.01,
03-08-2016,44.33,
04-08-2016,45.76,
05-08-2016,46.35,
06-08-2016,45.59,
07-08-2016,44.12,
08-08-2016,45.7,
09-08-2016,46.55,
10-08-2016,45.57,
11-08-2016,44.63,
12-08-2016,44.48,
13-08-2016,44.26,
14-08-2016,43.11,
15-08-2016,41.45,
16-08-2016,44.14,
17-08-2016,45.38,
18-08-2016,45.08,
19-08-2016,46.92,
20-08-2016,48.09,
21-08-2016,48.03,
22-08-2016,48.93,
23-08-2016,49.82,
24-08-2016,50.82,
25-08-2016,49.56,
26-08-2016,49.75,
27-08-2016,49.62,
28-08-2016,47.61,
29-08-2016,48.97,
30-08-2016,48.96,
31-08-2016,48.03,
01-09-2016,46.74,
02-09-2016,47.18,
03-09-2016,47.06,
04-09-2016,46.44,
05-09-2016,47.95,
06-09-2016,51.04,
07-09-2016,53.28,
08-09-2016,55.96,
09-09-2016,57.71,
10-09-2016,56.61,
11-09-2016,55.08,
12-09-2016,57.46,
13-09-2016,58,
14-09-2016,57.36,
15-09-2016,55.05,
16-09-2016,54.26,
17-09-2016,52.42,
18-09-2016,51.02,
19-09-2016,52.53,
20-09-2016,53.72,
21-09-2016,53.04,
22-09-2016,51.56,
23-09-2016,52.26,
24-09-2016,51.03,
25-09-2016,49.11,
26-09-2016,51.66,
27-09-2016,52.14,
28-09-2016,52.29,
29-09-2016,52.4,
30-09-2016,52.94,
01-10-2016,52.74,
02-10-2016,53.31,
03-10-2016,53.87,
04-10-2016,52.89,
05-10-2016,52.89,
06-10-2016,53.71,
07-10-2016,52.17,
08-10-2016,49.77,
09-10-2016,49.53,
10-10-2016,47.35,
11-10-2016,50.14,
12-10-2016,52.5,
13-10-2016,53.51,
14-10-2016,54.34,
15-10-2016,53.33,
16-10-2016,55.19,
17-10-2016,55.39,
18-10-2016,56.68,
19-10-2016,55.96,
20-10-2016,56.54,
21-10-2016,56.4,
22-10-2016,55.48,
23-10-2016,56.67,
24-10-2016,57.58,
25-10-2016,58.28,
26-10-2016,57.95,
27-10-2016,56.84,
28-10-2016,55.57,
29-10-2016,52.57,
30-10-2016,51.43,
31-10-2016,51.43,
01-11-2016,52.06,
02-11-2016,53.84,
03-11-2016,54.93,
04-11-2016,56.12,
05-11-2016,56.29,
06-11-2016,54.17,
07-11-2016,55.17,
08-11-2016,55.83,
09-11-2016,56.35,
10-11-2016,55.05,
11-11-2016,55.45,
12-11-2016,54.57,
13-11-2016,53.02,
14-11-2016,53.44,
15-11-2016,54.43,
16-11-2016,53.75,
17-11-2016,53.42,
18-11-2016,53.5,
19-11-2016,54.04,
20-11-2016,52.3,
21-11-2016,54.18,
22-11-2016,54.86,
23-11-2016,54.66,
24-11-2016,54.45,
25-11-2016,53.77,
26-11-2016,53.91,
27-11-2016,53.36,
28-11-2016,54.74,
29-11-2016,55.96,
30-11-2016,54.62,
01-12-2016,54.4,
02-12-2016,53.28,
03-12-2016,52.45,
04-12-2016,51.16,
05-12-2016,53.65,
06-12-2016,53.63,
07-12-2016,54.39,
08-12-2016,55.25,
09-12-2016,55.83,
10-12-2016,54.98,
11-12-2016,54.98,
12-12-2016,53.25,
13-12-2016,51.36,
14-12-2016,53.15,
15-12-2016,53.97,
16-12-2016,55.19,
17-12-2016,55.36,
18-12-2016,54.21,
19-12-2016,55.48,
20-12-2016,55.39,
21-12-2016,56.27,
22-12-2016,56.92,
23-12-2016,57.11,
24-12-2016,56.87,
25-12-2016,53.92,
26-12-2016,54.79,
27-12-2016,55.73,
28-12-2016,55.9,
29-12-2016,55.64,
30-12-2016,55.73,
31-12-2016,55.5,
01-01-2017,54.13,
02-01-2017,55.37,
03-01-2017,56.19,
04-01-2017,57.14,
05-01-2017,57.78,
06-01-2017,57.53,
07-01-2017,55.09,
08-01-2017,53.69,
09-01-2017,55.61,
10-01-2017,55.88,
11-01-2017,56.31,
12-01-2017,56.57,
13-01-2017,55.53,
14-01-2017,52.81,
15-01-2017,51.82,
16-01-2017,54.2,
17-01-2017,55.98,
18-01-2017,55.86,
19-01-2017,54.68,
20-01-2017,55.14,
21-01-2017,55.62,
22-01-2017,53.75,
23-01-2017,56.2,
24-01-2017,56.92,
25-01-2017,56.62,
26-01-2017,51.44,
27-01-2017,50.7,
28-01-2017,52.93,
29-01-2017,51.8,
30-01-2017,54.23,
31-01-2017,55.36,
01-02-2017,55.48,
02-02-2017,55.24,
03-02-2017,55.18,
04-02-2017,53.95,
05-02-2017,52.42,
06-02-2017,54.49,
07-02-2017,54.49,
08-02-2017,56.87,
09-02-2017,56.44,
10-02-2017,56.7,
11-02-2017,56.26,
12-02-2017,53.98,
13-02-2017,54.27,
14-02-2017,55.52,
15-02-2017,56.2,
16-02-2017,56.2,
17-02-2017,55.55,
18-02-2017,56.55,
19-02-2017,55.43,
20-02-2017,56.19,
21-02-2017,56.19,
22-02-2017,57.85,
23-02-2017,58.05,
24-02-2017,57.29,
25-02-2017,57.53,
26-02-2017,57.46,
27-02-2017,60.61,
28-02-2017,58.9,
01-03-2017,60.73,
02-03-2017,60.98,
03-03-2017,61.84,
04-03-2017,61.27,
05-03-2017,60.01,
06-03-2017,61.04,
07-03-2017,61.42,
08-03-2017,60.26,
09-03-2017,59.4,
10-03-2017,55.06,
11-03-2017,53.79,
12-03-2017,54.2,
13-03-2017,51.68,
14-03-2017,54.83,
15-03-2017,56.7,
16-03-2017,58.35,
17-03-2017,58.73,
18-03-2017,58.22,
19-03-2017,56.98,
20-03-2017,59.35,
21-03-2017,60.82,
22-03-2017,61.66,
23-03-2017,62.09,
24-03-2017,63.6,
25-03-2017,63.13,
26-03-2017,61.77,
27-03-2017,61.59,
01-04-2017,61.14,
02-04-2017,58.74,
03-04-2017,60.23,
04-04-2017,60.54,
05-04-2017,58.77,
06-04-2017,59.2,
07-04-2017,60.97,
08-04-2017,60.12,
09-04-2017,57.77,
10-04-2017,58.66,
11-04-2017,60.32,
12-04-2017,61.27,
13-04-2017,62.85,
14-04-2017,62.1,
15-04-2017,60.91,
16-04-2017,57.98,
17-04-2017,59.14,
18-04-2017,60.77,
19-04-2017,60.01,
20-04-2017,58.85,
21-04-2017,59.26,
22-04-2017,57.24,
23-04-2017,55.54,
24-04-2017,57.11,
25-04-2017,59.55,
26-04-2017,60.23,
27-04-2017,60.78,
28-04-2017,61.64,
29-04-2017,60.9,
30-04-2017,58.53,
01-05-2017,57.14,
02-05-2017,60.75,
03-05-2017,61.97,
04-05-2017,62.71,
05-05-2017,63.37,
06-05-2017,63.26,
07-05-2017,59.05,
08-05-2017,61.61,
09-05-2017,59.16,
10-05-2017,59.85,
11-05-2017,61.51,
12-05-2017,62.41,
13-05-2017,61.87,
14-05-2017,58.57,
15-05-2017,59.08,
16-05-2017,59.42,
17-05-2017,58.56,
18-05-2017,58.9,
19-05-2017,57.52,
20-05-2017,57.32,
21-05-2017,55.05,
22-05-2017,56.53,
23-05-2017,58.76,
24-05-2017,59.61,
25-05-2017,60.18,
26-05-2017,57.78,
27-05-2017,54.04,
28-05-2017,51.81,
29-05-2017,50.71,
30-05-2017,53.21,
31-05-2017,53.78,
01-06-2017,55.02,
02-06-2017,56.96,
03-06-2017,56.53,
04-06-2017,53.95,
05-06-2017,55.71,
06-06-2017,54.95,
07-06-2017,52.37,
08-06-2017,53.19,
09-06-2017,52.96,
10-06-2017,52.05,
11-06-2017,49.74,
12-06-2017,52.75,
13-06-2017,54.26,
14-06-2017,55.3,
15-06-2017,54.79,
16-06-2017,53.4,
17-06-2017,54.4,
18-06-2017,53.75,
19-06-2017,52.98,
20-06-2017,50.46,
21-06-2017,50.65,
22-06-2017,51.42,
23-06-2017,52.06,
24-06-2017,51.97,
25-06-2017,51,
26-06-2017,51.98,
27-06-2017,51.98,
28-06-2017,48.9,
29-06-2017,45.61,
30-06-2017,45.77,
01-07-2017,45.19,
02-07-2017,43.03,
03-07-2017,45.52,
04-07-2017,46.13,
05-07-2017,47.01,
06-07-2017,47.96,
07-07-2017,50.72,
08-07-2017,52.98,
09-07-2017,52.41,
10-07-2017,52.5,
11-07-2017,50.63,
12-07-2017,49.88,
13-07-2017,50.09,
14-07-2017,50.01,
15-07-2017,50.28,
16-07-2017,49.93,
17-07-2017,51.04,
18-07-2017,52.48,
19-07-2017,52.87,
20-07-2017,51.26,
21-07-2017,51.04,
22-07-2017,50.06,
23-07-2017,46.53,
24-07-2017,46.72,
25-07-2017,48.3,
10-08-2017,55.31,
11-08-2017,54.27,
12-08-2017,51.91,
13-08-2017,52.21,
14-08-2017,55.22,
15-08-2017,53.47,
16-08-2017,55.22,
01-09-2017,50.16,
02-09-2017,50.9,
03-09-2017,50.34,
04-09-2017,53.82,
05-09-2017,55.17,
06-09-2017,56.13,
07-09-2017,57,
08-09-2017,57.02,
09-09-2017,57.59,
10-09-2017,57.84,
11-09-2017,57.98,
12-09-2017,57.99,
13-09-2017,58.57,
14-09-2017,58,
15-09-2017,58.28,
16-09-2017,58.3,
17-09-2017,54.69,
18-09-2017,54.39,
19-09-2017,54.69,
20-09-2017,54.46,
21-09-2017,55.91,
22-09-2017,19.08,
23-09-2017,53.69,
24-09-2017,53.56,
25-09-2017,55.38,
26-09-2017,56.86,
27-09-2017,57.08,
28-09-2017,56.07,
29-09-2017,54.61,
30-09-2017,53.2,
03-10-2017,55.8,
04-10-2017,56.01,
05-10-2017,57.37,
06-10-2017,57.29,
07-10-2017,57.45,
08-10-2017,55.22,
09-10-2017,55.76,
10-10-2017,56.42,
11-10-2017,56.89,
12-10-2017,57.06,
13-10-2017,56.49,
14-10-2017,56.41,
15-10-2017,56.41,
16-10-2017,54.45,
17-10-2017,56.41,
18-10-2017,55.6,
19-10-2017,52.19,
20-10-2017,50.56,
21-10-2017,51.11,
22-10-2017,51.32,
23-10-2017,54.55,
24-10-2017,57.23,
25-10-2017,57.05,
26-10-2017,56.55,
27-10-2017,56.92,
28-10-2017,56.96,
29-10-2017,55.23,
30-10-2017,55.68,
31-10-2017,55.88,
01-11-2017,55.65,
02-11-2017,55.41,
03-11-2017,55.44,
04-11-2017,54.58,
05-11-2017,53.59,
06-11-2017,54.71,
07-11-2017,55.42,
08-11-2017,56.07,
09-11-2017,56.74,
10-11-2017,55.9,
11-11-2017,55.11,
12-11-2017,53.66,
13-11-2017,55.78,
14-11-2017,55.78,
15-11-2017,55.31,
16-11-2017,54.87,
17-11-2017,55.22,
18-11-2017,54.87,
19-11-2017,53.58,
20-11-2017,54.54,
21-11-2017,54.89,
22-11-2017,55.29,
23-11-2017,55.54,
24-11-2017,56.2,
25-11-2017,55.35,
26-11-2017,53.77,
27-11-2017,54.72,
28-11-2017,55.35,
29-11-2017,54.91,
30-11-2017,54.11,
01-12-2017,53.02,
02-12-2017,53.04,
03-12-2017,51.46,
04-12-2017,52.5,
05-12-2017,51.02,
06-12-2017,51.92,
07-12-2017,53.13,
08-12-2017,54.19,
09-12-2017,54.21,
10-12-2017,53.19,
11-12-2017,53.64,
12-12-2017,53.62,
13-12-2017,55.94,
14-12-2017,55.15,
15-12-2017,55.06,
16-12-2017,53.63,
17-12-2017,52.5,
18-12-2017,54.39,
19-12-2017,55.28,
20-12-2017,56.3,
21-12-2017,56.3,
22-12-2017,56.81,
23-12-2017,56.41,
24-12-2017,55.06,
25-12-2017,55.85,
26-12-2017,57.1,
27-12-2017,57.11,
28-12-2017,57.08,
29-12-2017,57.21,
30-12-2017,56.88,
31-12-2017,55.84,
01-01-2018,55.75,
02-01-2018,57.18,
03-01-2018,58.03,
04-01-2018,58.35,
05-01-2018,58.94,
06-01-2018,58.21,
07-01-2018,56.55,
08-01-2018,57.99,
09-01-2018,58.62,
10-01-2018,58.94,
11-01-2018,59.05,
12-01-2018,59.66,
13-01-2018,59.76,
14-01-2018,55.71,
15-01-2018,56.11,
16-01-2018,57.94,
17-01-2018,59.21,
18-01-2018,58.87,
19-01-2018,59.02,
20-01-2018,58.86,
21-01-2018,57.29,
22-01-2018,58.36,
23-01-2018,57.97,
24-01-2018,58.49,
25-01-2018,59.33,
26-01-2018,56.63,
27-01-2018,57.96,
28-01-2018,57.68,
29-01-2018,58.91,
30-01-2018,58.46,
31-01-2018,58.62,
01-02-2018,58.57,
02-02-2018,58.84,
03-02-2018,58.33,
04-02-2018,56.13,
05-02-2018,58.07,
06-02-2018,59.77,
07-02-2018,60.28,
08-02-2018,59.97,
09-02-2018,60.43,
10-02-2018,59.88,
11-02-2018,56.1,
12-02-2018,55.64,
13-02-2018,56.3,
14-02-2018,55.89,
15-02-2018,56.67,
16-02-2018,58.81,
17-02-2018,59.01,
18-02-2018,57.48,
19-02-2018,58.42,
20-02-2018,60.07,
21-02-2018,60.46,
22-02-2018,60.79,
23-02-2018,60.54,
24-02-2018,59.47,
25-02-2018,57.88,
26-02-2018,59.83,
27-02-2018,60.74,
28-02-2018,61.67,
01-03-2018,61.32,
02-03-2018,56.1,
03-03-2018,56.53,
04-03-2018,58.39,
05-03-2018,59.74,
06-03-2018,60.54,
07-03-2018,61.07,
08-03-2018,61.28,
09-03-2018,61.22,
10-03-2018,61.29,
11-03-2018,60.36,
12-03-2018,61.58,
13-03-2018,61.76,
14-03-2018,61.15,
15-03-2018,61.88,
16-03-2018,61.39,
17-03-2018,58.93,
18-03-2018,58.43,
19-03-2018,60.12,
20-03-2018,61.01,
21-03-2018,60.71,
22-03-2018,61.73,
23-03-2018,62.32,
24-03-2018,62.4,
25-03-2018,60.66,
26-03-2018,62.79,
27-03-2018,63.34,
28-03-2018,64.35,
29-03-2018,64.6,
30-03-2018,63.1,
31-03-2018,60.43,
01-04-2018,56.51,
02-04-2018,57.32,
03-04-2018,59.88,
04-04-2018,60.79,
05-04-2018,60.67,
06-04-2018,60.24,
07-04-2018,58.07,
08-04-2018,55.43,
09-04-2018,57.14,
10-04-2018,58.36,
11-04-2018,57.68,
12-04-2018,57.14,
13-04-2018,58.38,
14-04-2018,58.56,
15-04-2018,57.56,
16-04-2018,60.61,
17-04-2018,61.29,
18-04-2018,60.39,
19-04-2018,61.26,
20-04-2018,59.61,
21-04-2018,61.13,
22-04-2018,58.83,
23-04-2018,61.17,
24-04-2018,61.35,
25-04-2018,61.48,
26-04-2018,61.36,
27-04-2018,61.76,
28-04-2018,61.63,
29-04-2018,58.54,
30-04-2018,57.34,
01-05-2018,55.28,
02-05-2018,56.18,
03-05-2018,54.02,
04-05-2018,57.55,
05-05-2018,59.9,
06-05-2018,58.01,
07-05-2018,59.42,
08-05-2018,58.53,
09-05-2018,59.51,
10-05-2018,60.57,
11-05-2018,60.87,
12-05-2018,59.34,
13-05-2018,57.07,
14-05-2018,55.19,
15-05-2018,59.85,
16-05-2018,60.23,
17-05-2018,60.77,
18-05-2018,60.74,
19-05-2018,60.24,
20-05-2018,58.5,
21-05-2018,61.57,
22-05-2018,63.92,
23-05-2018,63.83,
24-05-2018,63.22,
25-05-2018,62.58,
26-05-2018,62.32,
27-05-2018,61.3,
28-05-2018,63.03,
29-05-2018,61.25,
30-05-2018,61.85,
31-05-2018,62.42,
01-06-2018,59.12,
02-06-2018,57.68,
03-06-2018,54.99,
04-06-2018,58.83,
05-06-2018,59.38,
06-06-2018,57.35,
07-06-2018,57.06,
08-06-2018,53.65,
09-06-2018,47.34,
10-06-2018,46.44,
11-06-2018,51.27,
12-06-2018,52.26,
13-06-2018,51.09,
14-06-2018,52.12,
15-06-2018,54.91,
16-06-2018,54.25,
17-06-2018,50.33,
18-06-2018,54.58,
19-06-2018,57.17,
20-06-2018,59.54,
21-06-2018,60.14,
22-06-2018,60.92,
23-06-2018,60.46,
24-06-2018,56.87,
25-06-2018,58.39,
26-06-2018,55.77,
27-06-2018,54.15,
28-06-2018,51.2,
29-06-2018,52.99,
30-06-2018,55.23,
01-07-2018,53.67,
02-07-2018,52.82,
03-07-2018,50.7,
04-07-2018,49.68,
05-07-2018,53.01,
06-07-2018,55.03,
07-07-2018,56,
08-07-2018,56.03,
09-07-2018,55.37,
10-07-2018,55.59,
11-07-2018,53.49,
12-07-2018,53.09,
13-07-2018,51.22,
14-07-2018,50.7,
15-07-2018,49.54,
16-07-2018,50.7,
17-07-2018,50.66,
18-07-2018,52.18,
19-07-2018,52.55,
20-07-2018,52.3,
21-07-2018,49.1,
22-07-2018,45.11,
23-07-2018,48.42,
24-07-2018,50.31,
25-07-2018,48.83,
26-07-2018,45.39,
27-07-2018,45.96,
28-07-2018,47.41,
29-07-2018,47.21,
30-07-2018,50.56,
31-07-2018,51.18,
01-08-2018,51.75,
02-08-2018,53.04,
03-08-2018,54.03,
04-08-2018,54.63,
05-08-2018,52.66,
06-08-2018,52.92,
07-08-2018,54.64,
08-08-2018,55.02,
09-08-2018,56.15,
10-08-2018,56.56,
11-08-2018,53.75,
12-08-2018,49.53,
13-08-2018,51.89,
14-08-2018,53.93,
15-08-2018,49.86,
16-08-2018,50.23,
17-08-2018,50.86,
18-08-2018,52.14,
19-08-2018,48.92,
20-08-2018,49.7,
21-08-2018,50.61,
22-08-2018,51.32,
23-08-2018,50.92,
24-08-2018,51.54,
25-08-2018,50.65,
26-08-2018,47.27,
27-08-2018,50.69,
28-08-2018,52.17,
29-08-2018,52.44,
30-08-2018,52.35,
31-08-2018,52,
01-09-2018,51.28,
02-09-2018,47.9,
03-09-2018,48.87,
04-09-2018,50.91,
05-09-2018,51.35,
06-09-2018,51.96,
07-09-2018,51.92,
08-09-2018,52.75,
09-09-2018,53.52,
10-09-2018,56.3,
11-09-2018,57.96,
12-09-2018,58.19,
13-09-2018,58.06,
14-09-2018,60.21,
15-09-2018,60.8,
16-09-2018,60.66,
17-09-2018,60.57,
18-09-2018,61.27,
19-09-2018,62.06,
20-09-2018,61.71,
21-09-2018,58.63,
22-09-2018,53.21,
23-09-2018,51.18,
24-09-2018,53.59,
25-09-2018,55.41,
26-09-2018,56.68,
27-09-2018,57.41,
28-09-2018,58.61,
29-09-2018,59.36,
30-09-2018,58.04,
01-10-2018,59.54,
02-10-2018,59.09,
03-10-2018,61.13,
04-10-2018,60.81,
05-10-2018,60.37,
06-10-2018,59.98,
07-10-2018,59.48,
08-10-2018,61.06,
09-10-2018,60.7,
10-10-2018,61.67,
11-10-2018,60.59,
12-10-2018,60.71,
13-10-2018,60.71,
14-10-2018,59.71,
15-10-2018,61.29,
16-10-2018,61.23,
17-10-2018,61.01,
18-10-2018,59.23,
19-10-2018,58.84,
20-10-2018,59.63,
21-10-2018,58.95,
22-10-2018,59.19,
23-10-2018,60.34,
24-10-2018,60.31,
25-10-2018,60.17,
26-10-2018,59.45,
27-10-2018,59.41,
28-10-2018,57.33,
29-10-2018,58.52,
30-10-2018,58.53,
31-10-2018,59.19,
01-11-2018,60.04,
02-11-2018,59.79,
03-11-2018,59.01,
04-11-2018,56.58,
05-11-2018,58.82,
06-11-2018,57.88,
07-11-2018,53.98,
08-11-2018,51.66,
09-11-2018,53.81,
10-11-2018,55.61,
11-11-2018,55.73,
12-11-2018,57.15,
13-11-2018,58.05,
14-11-2018,58.02,
15-11-2018,57.3,
16-11-2018,55.98,
17-11-2018,56.8,
18-11-2018,56.14,
19-11-2018,57.78,
20-11-2018,57.69,
21-11-2018,57.73,
22-11-2018,56.95,
23-11-2018,56.04,
24-11-2018,56.66,
25-11-2018,55.58,
26-11-2018,56.68,
27-11-2018,56.83,
28-11-2018,56.74,
29-11-2018,56.96,
30-11-2018,56.96,
01-12-2018,56.38,
02-12-2018,54.62,
03-12-2018,55.85,
04-12-2018,56.58,
05-12-2018,57.2,
06-12-2018,57.58,
07-12-2018,56.85,
08-12-2018,56.58,
09-12-2018,55.33,
10-12-2018,56.77,
11-12-2018,56.99,
12-12-2018,56.44,
13-12-2018,56.12,
14-12-2018,54.98,
15-12-2018,53.67,
16-12-2018,52.37,
17-12-2018,53.6,
18-12-2018,54.29,
19-12-2018,55,
20-12-2018,55.83,
21-12-2018,56.88,
22-12-2018,57.09,
23-12-2018,55.16,
24-12-2018,55.62,
25-12-2018,56.22,
26-12-2018,57.61,
27-12-2018,58.17,
28-12-2018,57.88,
29-12-2018,56.64,
30-12-2018,54.73,
31-12-2018,55.91,
01-01-2019,55.79,
02-01-2019,56.32,
03-01-2019,56.92,
04-01-2019,57.63,
05-01-2019,56.86,
06-01-2019,54.24,
07-01-2019,55.74,
08-01-2019,57.73,
09-01-2019,57.37,
10-01-2019,57.68,
11-01-2019,58.63,
12-01-2019,58.54,
13-01-2019,56.15,
14-01-2019,54.39,
15-01-2019,55.63,
16-01-2019,57.01,
17-01-2019,57.46,
18-01-2019,58.22,
19-01-2019,57.99,
20-01-2019,55.99,
21-01-2019,55.34,
22-01-2019,54.83,
23-01-2019,57.35,
24-01-2019,56.58,
25-01-2019,55.93,
26-01-2019,52.06,
27-01-2019,51.87,
28-01-2019,54.31,
29-01-2019,55.62,
30-01-2019,56.77,
31-01-2019,56.72,
01-02-2019,55.37,
02-02-2019,55.62,
03-02-2019,53.77,
04-02-2019,55.37,
05-02-2019,57.69,
06-02-2019,57.48,
07-02-2019,54.87,
08-02-2019,56.53,
09-02-2019,56.3,
10-02-2019,54.93,
11-02-2019,55.54,
12-02-2019,56.17,
13-02-2019,57.01,
14-02-2019,57.01,
15-02-2019,56.09,
16-02-2019,55.55,
17-02-2019,54.81,
18-02-2019,56.02,
19-02-2019,57.9,
20-02-2019,57.84,
21-02-2019,57.59,
22-02-2019,57.23,
23-02-2019,57.08,
24-02-2019,55.6,
25-02-2019,57.01,
26-02-2019,57.08,
27-02-2019,56.98,
28-02-2019,57.78,
01-03-2019,58.27,
02-03-2019,56.79,
03-03-2019,54.77,
04-03-2019,56.69,
05-03-2019,57.83,
06-03-2019,58.48,
07-03-2019,59.55,
08-03-2019,59.07,
09-03-2019,58.94,
10-03-2019,58.54,
11-03-2019,59.88,
12-03-2019,60.81,
13-03-2019,60.62,
14-03-2019,59.96,
15-03-2019,58.42,
16-03-2019,58.39,
17-03-2019,57.22,
18-03-2019,59.23,
19-03-2019,60.51,
20-03-2019,59.74,
21-03-2019,53.81,
22-03-2019,56.3,
23-03-2019,58.91,
24-03-2019,58.75,
25-03-2019,60.44,
26-03-2019,60.36,
27-03-2019,61.48,
28-03-2019,62.15,
29-03-2019,62.8,
30-03-2019,62.51,
31-03-2019,58.41,
01-04-2019,59.57,
02-04-2019,61.89,
03-04-2019,63.08,
04-04-2019,64.05,
05-04-2019,62.49,
06-04-2019,60.96,
07-04-2019,56.3,
08-04-2019,59.36,
09-04-2019,60.09,
10-04-2019,61.63,
11-04-2019,62.38,
12-04-2019,62.42,
13-04-2019,62.12,
14-04-2019,60.21,
15-04-2019,61.18,
16-04-2019,57.16,
17-04-2019,54.24,
18-04-2019,55.64,
19-04-2019,57.05,
20-04-2019,58.27,
21-04-2019,56.5,
22-04-2019,59.16,
23-04-2019,59.75,
24-04-2019,61.66,
25-04-2019,63.86,
26-04-2019,64.21,
27-04-2019,63.59,
28-04-2019,61.4,
29-04-2019,63.21,
30-04-2019,61.04,
01-05-2019,56.38,
02-05-2019,56.1,
03-05-2019,54.46,
04-05-2019,55.27,
05-05-2019,56.6,
06-05-2019,59.47,
07-05-2019,59.28,
08-05-2019,59.29,
09-05-2019,60.43,
10-05-2019,61.75,
11-05-2019,61.22,
12-05-2019,59.51,
13-05-2019,59.72,
14-05-2019,58.53,
15-05-2019,60.41,
16-05-2019,61.75,
17-05-2019,60.56,
18-05-2019,59.11,
19-05-2019,58.85,
20-05-2019,62.01,
21-05-2019,63.51,
22-05-2019,63.67,
23-05-2019,63.13,
24-05-2019,60.83,
25-05-2019,60.97,
26-05-2019,58.92,
27-05-2019,62.68,
28-05-2019,64,
29-05-2019,64.9,
30-05-2019,65.05,
31-05-2019,64.33,
01-06-2019,63.49,
02-06-2019,60.19,
03-06-2019,58.2,
04-06-2019,60.25,
05-06-2019,63.34,
06-06-2019,62.23,
07-06-2019,61.22,
08-06-2019,61.85,
09-06-2019,61.02,
10-06-2019,62.43,
11-06-2019,62.03,
12-06-2019,59.08,
13-06-2019,57.22,
14-06-2019,61.15,
15-06-2019,58.47,
16-06-2019,54.72,
17-06-2019,55.59,
18-06-2019,55.84,
19-06-2019,57.69,
20-06-2019,58.84,
21-06-2019,60.58,
22-06-2019,60.15,
23-06-2019,57.89,
24-06-2019,59.84,
25-06-2019,61.23,
26-06-2019,60.75,
27-06-2019,59.16,
28-06-2019,58.15,
29-06-2019,58.33,
30-06-2019,55.62,
01-07-2019,57.42,
02-07-2019,57.36,
03-07-2019,56.9,
04-07-2019,56.07,
05-07-2019,54.36,
06-07-2019,51.86,
07-07-2019,48.9,
08-07-2019,51.18,
09-07-2019,50.39,
10-07-2019,50.55,
11-07-2019,50.01,
12-07-2019,52.9,
13-07-2019,53.16,
14-07-2019,50.11,
15-07-2019,51.26,
16-07-2019,51.58,
17-07-2019,54.48,
18-07-2019,56.08,
19-07-2019,57.65,
20-07-2019,57.4,
21-07-2019,55.88,
22-07-2019,58.39,
23-07-2019,60.43,
24-07-2019,58.36,
25-07-2019,53.75,
26-07-2019,51.27,
27-07-2019,48.83,
28-07-2019,46.14,
29-07-2019,48.82,
30-07-2019,50.94,
31-07-2019,51.17,
01-08-2019,50.75,
02-08-2019,49.81,
03-08-2019,48.88,
04-08-2019,47.72,
05-08-2019,49.31,
06-08-2019,47.63,
07-08-2019,46.03,
08-08-2019,47.44,
09-08-2019,46.3,
10-08-2019,45.45,
11-08-2019,46.87,
12-08-2019,50.34,
13-08-2019,49.72,
14-08-2019,48.51,
15-08-2019,42.84,
16-08-2019,45.04,
17-08-2019,45,
18-08-2019,44.72,
19-08-2019,48.38,
20-08-2019,49.54,
21-08-2019,49.45,
22-08-2019,50.26,
23-08-2019,50.54,
24-08-2019,48.61,
25-08-2019,48.37,
26-08-2019,50.14,
27-08-2019,52.58,
28-08-2019,54.75,
29-08-2019,55.59,
30-08-2019,55.33,
31-08-2019,54.73,
01-09-2019,50.42,
02-09-2019,50.46,
03-09-2019,51.47,
04-09-2019,51.11,
05-09-2019,50.17,
06-09-2019,49.77,
07-09-2019,48.86,
08-09-2019,46.81,
09-09-2019,49.28,
10-09-2019,51.62,
11-09-2019,52.13,
12-09-2019,50.53,
13-09-2019,49.73,
14-09-2019,50.28,
15-09-2019,48.84,
16-09-2019,49.97,
17-09-2019,51.13,
18-09-2019,50.81,
19-09-2019,50.68,
20-09-2019,51.82,
21-09-2019,52.24,
22-09-2019,48.7,
23-09-2019,51.49,
24-09-2019,50.71,
25-09-2019,48.75,
26-09-2019,46.96,
27-09-2019,45.3,
28-09-2019,43.03,
29-09-2019,39.25,
30-09-2019,41.51,
01-10-2019,43.83,
02-10-2019,43.81,
03-10-2019,47.21,
04-10-2019,48.66,
05-10-2019,49.96,
06-10-2019,48.03,
07-10-2019,48.04,
08-10-2019,44.54,
09-10-2019,47.02,
10-10-2019,49.74,
11-10-2019,50.83,
12-10-2019,51.46,
13-10-2019,49.88,
14-10-2019,52.05,
15-10-2019,53.22,
16-10-2019,53.98,
17-10-2019,53.58,
18-10-2019,52.66,
19-10-2019,51.84,
20-10-2019,49.22,
21-10-2019,48.47,
22-10-2019,48.74,
23-10-2019,48.15,
24-10-2019,46.76,
25-10-2019,45.72,
26-10-2019,43.03,
27-10-2019,40.69,
28-10-2019,39.28,
29-10-2019,41.45,
30-10-2019,43.03,
31-10-2019,44.5,
01-11-2019,45.77,
02-11-2019,46.88,
03-11-2019,45.6,
04-11-2019,48.12,
05-11-2019,49.93,
06-11-2019,51.34,
07-11-2019,49.72,
08-11-2019,47.95,
09-11-2019,46.99,
10-11-2019,46.34,
11-11-2019,49.43,
12-11-2019,50.4,
13-11-2019,51.32,
14-11-2019,51.26,
15-11-2019,51.53,
16-11-2019,51.16,
17-11-2019,48.8,
18-11-2019,51.69,
19-11-2019,52.85,
20-11-2019,52.71,
21-11-2019,52.35,
22-11-2019,52.77,
23-11-2019,51.33,
24-11-2019,49.89,
25-11-2019,51.62,
26-11-2019,52.07,
27-11-2019,51.38,
28-11-2019,50.41,
29-11-2019,50.71,
30-11-2019,50.52,
01-12-2019,48.71,
02-12-2019,49.57,
03-12-2019,49.96,
04-12-2019,50.23,
05-12-2019,50.83,
06-12-2019,51.29,
07-12-2019,50.21,
08-12-2019,48.74,
09-12-2019,50.81,
10-12-2019,53.57,
11-12-2019,55.36,
12-12-2019,54.47,
13-12-2019,50.83,
14-12-2019,51.7,
15-12-2019,49.09,
16-12-2019,50.08,
17-12-2019,51.11,
18-12-2019,52.94,
19-12-2019,54.4,
20-12-2019,56.33,
21-12-2019,54.87,
22-12-2019,52.39,
23-12-2019,54.59,
24-12-2019,56.05,
25-12-2019,55.83,
26-12-2019,56.9,
27-12-2019,56.6,
28-12-2019,55.78,
29-12-2019,54.13,
30-12-2019,55.89,
31-12-2019,56.87,
01-01-2020,54.85,
02-01-2020,55.64,
03-01-2020,56.19,
04-01-2020,56.27,
05-01-2020,54.21,
06-01-2020,55.02,
07-01-2020,56.11,
08-01-2020,56.18,
09-01-2020,55.12,
10-01-2020,54.84,
11-01-2020,55.89,
12-01-2020,55.79,
13-01-2020,56.91,
14-01-2020,55.9,
15-01-2020,53.7,
16-01-2020,52.84,
17-01-2020,55.04,
18-01-2020,55.6,
19-01-2020,53.14,
20-01-2020,55.94,
21-01-2020,56.77,
22-01-2020,55.07,
23-01-2020,55.57,
24-01-2020,57.42,
25-01-2020,58.57,
26-01-2020,55.43,
27-01-2020,57.29,
28-01-2020,58.09,
29-01-2020,58.7,
30-01-2020,58.42,
31-01-2020,58.68,
01-02-2020,57.56,
02-02-2020,55.17,
03-02-2020,57.37,
04-02-2020,59.19,
05-02-2020,59.27,
06-02-2020,59.39,
07-02-2020,59.69,
08-02-2020,58.4,
09-02-2020,55.84,
10-02-2020,57.51,
11-02-2020,58.33,
12-02-2020,59.02,
13-02-2020,60.76,
14-02-2020,61.03,
15-02-2020,61.23,
16-02-2020,58.69,
17-02-2020,59.87,
18-02-2020,61.36,
19-02-2020,61.18,
20-02-2020,59.61,
21-02-2020,57.59,
22-02-2020,57.83,
23-02-2020,56.6,
24-02-2020,58.72,
25-02-2020,59.56,
26-02-2020,59.46,
27-02-2020,58.47,
28-02-2020,58.42,
29-02-2020,57.77,
01-03-2020,54.53,
02-03-2020,57.81,
03-03-2020,58.24,
04-03-2020,57.26,
05-03-2020,55.96,
06-03-2020,54.39,
07-03-2020,56.02,
08-03-2020,54.16,
09-03-2020,53.72,
10-03-2020,48.09,
11-03-2020,50.21,
12-03-2020,53.23,
13-03-2020,54.24,
14-03-2020,53.52,
15-03-2020,51.13,
16-03-2020,53.67,
17-03-2020,55.79,
18-03-2020,57.32,
01-06-2020,46.76,
02-06-2020,46.55,
03-06-2020,45.35,
04-06-2020,44.24,
05-06-2020,42.92,
06-06-2020,43.59,
07-06-2020,43.26,
08-06-2020,46.18,
09-06-2020,48.81,
10-06-2020,50.64,
11-06-2020,49.93,
12-06-2020,49.66,
13-06-2020,49,
14-06-2020,47.82,
15-06-2020,49.17,
16-06-2020,49.9,
17-06-2020,49.63,
18-06-2020,49.66,
19-06-2020,49.08,
20-06-2020,48.78,
21-06-2020,47.02,
22-06-2020,48.54,
23-06-2020,51.16,
24-06-2020,52.24,
25-06-2020,52.31,
26-06-2020,51.92,
27-06-2020,51.86,
28-06-2020,50.48,
29-06-2020,52.59,
30-06-2020,53.98,
01-07-2020,54.66,
02-07-2020,55.02,
03-07-2020,54.02,
04-07-2020,51.52,
05-07-2020,45.23,
06-07-2020,43.23,
07-07-2020,48.44,
08-07-2020,49.51,
09-07-2020,51.29,
10-07-2020,51.03,
11-07-2020,48.63,
12-07-2020,44.48,
13-07-2020,50.19,
14-07-2020,53.09,
15-07-2020,53.58,
16-07-2020,53.34,
17-07-2020,54.21,
18-07-2020,55.75,
19-07-2020,52.86,
20-07-2020,50.74,
21-07-2020,48.84,
22-07-2020,51.93,
23-07-2020,53.2,
24-07-2020,54.33,
25-07-2020,54.44,
26-07-2020,53.41,
27-07-2020,56.4,
28-07-2020,57.09,
29-07-2020,56.01,
30-07-2020,55.11,
31-07-2020,56.31,
01-08-2020,55.07,
02-08-2020,53.03,
03-08-2020,51.94,
04-08-2020,51.71,
05-08-2020,50.91,
06-08-2020,49.07,
07-08-2020,51.68,
08-08-2020,52.95,
09-08-2020,51.55,
10-08-2020,51.12,
11-08-2020,50.38,
12-08-2020,47.58,
13-08-2020,46.52,
14-08-2020,47,
15-08-2020,45.22,
16-08-2020,45,
17-08-2020,48.31,
18-08-2020,49.29,
19-08-2020,46.59,
20-08-2020,45.26,
21-08-2020,45.73,
22-08-2020,45.23,
23-08-2020,43.71,
24-08-2020,46.04,
25-08-2020,48.85,
26-08-2020,50.22,
27-08-2020,50.03,
28-08-2020,48.71,
29-08-2020,48.48,
30-08-2020,46.28,
31-08-2020,49.25,
01-09-2020,51.87,
02-09-2020,53.44,
03-09-2020,54.65,
04-09-2020,55.86,
05-09-2020,56.22,
06-09-2020,52.95,
07-09-2020,53.86,
08-09-2020,57.01,
09-09-2020,59.49,
10-09-2020,58.97,
11-09-2020,57.66,
12-09-2020,56.89,
13-09-2020,54.7,
14-09-2020,55.1,
15-09-2020,55.96,
16-09-2020,56.72,
17-09-2020,55.03,
18-09-2020,54.69,
19-09-2020,55.77,
20-09-2020,53.55,
21-09-2020,52.94,
22-09-2020,52.16,
23-09-2020,50.8,
24-09-2020,52.3,
25-09-2020,53.82,
26-09-2020,52.37,
27-09-2020,51.03,
28-09-2020,55.3,
29-09-2020,56.29,
30-09-2020,55.67,
01-10-2020,54.36,
02-10-2020,53.13,
03-10-2020,54.74,
04-10-2020,52.71,
05-10-2020,54.81,
06-10-2020,56.1,
07-10-2020,58.17,
08-10-2020,59.29,
09-10-2020,59.35,
10-10-2020,58.44,
11-10-2020,55.05,
12-10-2020,55.6,
13-10-2020,56.61,
14-10-2020,53.67,
15-10-2020,53.94,
16-10-2020,54.89,
17-10-2020,56.36,
18-10-2020,54.64,
19-10-2020,56.14,
20-10-2020,56.82,
21-10-2020,55.74,
22-10-2020,54.7,
23-10-2020,53.89,
24-10-2020,52.56,
25-10-2020,49.79,
26-10-2020,51.87,
27-10-2020,53.78,
28-10-2020,54.29,
29-10-2020,55.77,
30-10-2020,55.87,
31-10-2020,56.01,
01-11-2020,53.89,
02-11-2020,55.53,
03-11-2020,56.26,
04-11-2020,56.29,
05-11-2020,55.79,
06-11-2020,56.59,
07-11-2020,56.25,
08-11-2020,54.04,
09-11-2020,55.39,
10-11-2020,55.32,
11-11-2020,54.48,
12-11-2020,55.53,
13-11-2020,54.21,
14-11-2020,47.99,
15-11-2020,45.49,
16-11-2020,45.4,
17-11-2020,48.79,
18-11-2020,51.19,
19-11-2020,51.87,
20-11-2020,52.59,
21-11-2020,52.27,
22-11-2020,51.89,
23-11-2020,54,
24-11-2020,55.21,
25-11-2020,53.54,
26-11-2020,50.35,
27-11-2020,50.29,
28-11-2020,52.06,
29-11-2020,51.71,
30-11-2020,53.68,
01-12-2020,54.35,
02-12-2020,55.75,
03-12-2020,56.13,
04-12-2020,56.12,
05-12-2020,56.02,
06-12-2020,53.48,
07-12-2020,55.64,
08-12-2020,56.34,
09-12-2020,55.93,
10-12-2020,56.13,
11-12-2020,55.71,
12-12-2020,54.06,
13-12-2020,52.66,
14-12-2020,54.09,
15-12-2020,55.99,
16-12-2020,55.64,
17-12-2020,56.78,
18-12-2020,58.21,
19-12-2020,57.85,
20-12-2020,56.88,
21-12-2020,58.76,
22-12-2020,59.9,
23-12-2020,60.14,
24-12-2020,60.22,
25-12-2020,60.03,
26-12-2020,60.76,
27-12-2020,58.32,
28-12-2020,60.04,
29-12-2020,60.69,
30-12-2020,59.91,
31-12-2020,59.94,
01-01-2021,59.59,
02-01-2021,59.19,
03-01-2021,57.2,
04-01-2021,57.98,
05-01-2021,58.05,
06-01-2021,58.83,
07-01-2021,58.47,
08-01-2021,58.96,
09-01-2021,57.66,
10-01-2021,56.66,
11-01-2021,60.27,
12-01-2021,60.45,
13-01-2021,60.5,
14-01-2021,58.89,
15-01-2021,58.75,
16-01-2021,60.38,
17-01-2021,59.65,
18-01-2021,61.35,
19-01-2021,63.85,
20-01-2021,65.24,
21-01-2021,66.02,
22-01-2021,66.15,
23-01-2021,65.63,
24-01-2021,63.07,
25-01-2021,63.82,
26-01-2021,61.57,
27-01-2021,63.44,
28-01-2021,64.82,
29-01-2021,65.69,
30-01-2021,65.97,
31-01-2021,63.76,
01-02-2021,63.8,
02-02-2021,64.43,
03-02-2021,64.79,
04-02-2021,62.77,
05-02-2021,62.42,
06-02-2021,61.88,
07-02-2021,60.3,
08-02-2021,61.78,
09-02-2021,63.68,
10-02-2021,64.16,
11-02-2021,63.91,
12-02-2021,63.73,
13-02-2021,63.64,
14-02-2021,61.69,
15-02-2021,63.06,
16-02-2021,63.41,
17-02-2021,62.4,
18-02-2021,61.68,
19-02-2021,60.86,
20-02-2021,60.22,
21-02-2021,58.14,
22-02-2021,60.85,
23-02-2021,62.19,
24-02-2021,63.15,
25-02-2021,64.09,
26-02-2021,64.14,
27-02-2021,64.22,
28-02-2021,63.41,
01-03-2021,65.27,
02-03-2021,66.1,
03-03-2021,66.25,
04-03-2021,66.14,
05-03-2021,66.99,
06-03-2021,66.55,
07-03-2021,64.04,
08-03-2021,66.02,
09-03-2021,68.08,
10-03-2021,68.45,
11-03-2021,68.27,
12-03-2021,65.61,
13-03-2021,63.85,
14-03-2021,63.75,
15-03-2021,66.53,
16-03-2021,67.41,
17-03-2021,68.08,
18-03-2021,68.53,
19-03-2021,68.46,
20-03-2021,68.2,
21-03-2021,66.61,
22-03-2021,67.28,
23-03-2021,65.42,
24-03-2021,66.53,
25-03-2021,68,
26-03-2021,67.7,
27-03-2021,67.9,
28-03-2021,65.44,
29-03-2021,60.14,
30-03-2021,61.33,
31-03-2021,64.57,
01-04-2021,65.19,
02-04-2021,66.2,
03-04-2021,66.88,
04-04-2021,65.5,
05-04-2021,67.28,
06-04-2021,67.13,
07-04-2021,68,
08-04-2021,69.19,
09-04-2021,69.08,
10-04-2021,68.72,
11-04-2021,66.71,
12-04-2021,68.69,
13-04-2021,69.65,
14-04-2021,67.13,
15-04-2021,66.84,
16-04-2021,67.07,
17-04-2021,65.33,
18-04-2021,65.39,
19-04-2021,66.35,
20-04-2021,67.35,
21-04-2021,65.78,
22-04-2021,63.57,
23-04-2021,62.66,
24-04-2021,63.64,
25-04-2021,62.51,
26-04-2021,65.36,
27-04-2021,66.11,
28-04-2021,66.67,
29-04-2021,66.49,
30-04-2021,65.84,
01-05-2021,62.7,
02-05-2021,61.47,
03-05-2021,61.5,
04-05-2021,61.84,
05-05-2021,60.48,
06-05-2021,59.79,
07-05-2021,59.55,
08-05-2021,60.88,
09-05-2021,58.51,
10-05-2021,59.06,
11-05-2021,57.73,
12-05-2021,55.01,
13-05-2021,52.28,
14-05-2021,55.1,
15-05-2021,55.45,
16-05-2021,50.72,
17-05-2021,50.47,
18-05-2021,48.91,
19-05-2021,47.2,
20-05-2021,46.13,
21-05-2021,46.85,
22-05-2021,49.39,
23-05-2021,49.69,
24-05-2021,51.23,
25-05-2021,50.5,
26-05-2021,48.84,
27-05-2021,48.5,
28-05-2021,49.95,
29-05-2021,52.15,
30-05-2021,50.49,
31-05-2021,52.37,
01-06-2021,49.56,
02-06-2021,53.08,
03-06-2021,55.25,
04-06-2021,56.87,
05-06-2021,55.34,
06-06-2021,53.92,
07-06-2021,55.04,
08-06-2021,55.01,
09-06-2021,53.93,
10-06-2021,52.97,
11-06-2021,50.13,
12-06-2021,49.42,
13-06-2021,46.25,
14-06-2021,50.2,
15-06-2021,49.91,
16-06-2021,50.63,
17-06-2021,52,
18-06-2021,52.49,
19-06-2021,50.82,
20-06-2021,47.75,
21-06-2021,52.76,
22-06-2021,57.51,
23-06-2021,60.79,
24-06-2021,57.98,
25-06-2021,57.42,
26-06-2021,56.77,
27-06-2021,58.7,
28-06-2021,62.77,
29-06-2021,64.98,
30-06-2021,63.91,
01-07-2021,62.2,
02-07-2021,60.01,
03-07-2021,60.21,
04-07-2021,62.1,
05-07-2021,65.71,
06-07-2021,68.29,
07-07-2021,67.91,
08-07-2021,65.26,
09-07-2021,64.54,
10-07-2021,64.47,
11-07-2021,60.78,
12-07-2021,59.69,
13-07-2021,59.19,
14-07-2021,58.26,
15-07-2021,58.95,
16-07-2021,62.09,
17-07-2021,62.63,
18-07-2021,56.03,
19-07-2021,51.29,
20-07-2021,49.51,
21-07-2021,48.76,
22-07-2021,49.89,
23-07-2021,53.25,
24-07-2021,52.76,
25-07-2021,51.99,
26-07-2021,53.4,
27-07-2021,52.27,
28-07-2021,47.66,
29-07-2021,47.5,
30-07-2021,46.77,
31-07-2021,46.63,
01-08-2021,44.38,
02-08-2021,48.73,
03-08-2021,50.42,
04-08-2021,52.24,
05-08-2021,55.33,
06-08-2021,57.74,
07-08-2021,60.52,
08-08-2021,59.82,
09-08-2021,61.56,
10-08-2021,62.35,
11-08-2021,62.86,
12-08-2021,63.84,
13-08-2021,64.61,
14-08-2021,63.2,
15-08-2021,60.79,
16-08-2021,64.65,
17-08-2021,65.87,
18-08-2021,63.98,
19-08-2021,62.34,
20-08-2021,61.57,
21-08-2021,60.04,
22-08-2021,57.45,
23-08-2021,59.11,
24-08-2021,60.56,
25-08-2021,60.57,
26-08-2021,60.31,
27-08-2021,60.57,
28-08-2021,60.69,
29-08-2021,58.86,
30-08-2021,59.25,
31-08-2021,58.43,
01-09-2021,58.94,
02-09-2021,59.41,
03-09-2021,59.04,
04-09-2021,56.43,
05-09-2021,55.33,
06-09-2021,57.94,
07-09-2021,55.53,
08-09-2021,54.27,
09-09-2021,56.37,
10-09-2021,54.49,
11-09-2021,50.96,
12-09-2021,47.07,
13-09-2021,47.61,
14-09-2021,47.63,
15-09-2021,50.33,
16-09-2021,51.34,
17-09-2021,52.92,
18-09-2021,55.61,
19-09-2021,56.8,
20-09-2021,57.91,
21-09-2021,55.81,
22-09-2021,53.38,
23-09-2021,53.47,
24-09-2021,54.04,
25-09-2021,53.67,
26-09-2021,52.35,
27-09-2021,53.24,
28-09-2021,52.03,
29-09-2021,52.15,
30-09-2021,54.46,
01-10-2021,55.61,
02-10-2021,53.44,
03-10-2021,52.47,
04-10-2021,54.73,
05-10-2021,55.5,
06-10-2021,56.25,
07-10-2021,56.42,
08-10-2021,56.88,
09-10-2021,55.69,
10-10-2021,54.85,
11-10-2021,57.2,
12-10-2021,57.55,
13-10-2021,57.61,
14-10-2021,56.96,
15-10-2021,55.78,
16-10-2021,57.02,
17-10-2021,53.26,
18-10-2021,50.47,
19-10-2021,53.15,
20-10-2021,54.93,
21-10-2021,54.43,
22-10-2021,54.11,
23-10-2021,54.19,
24-10-2021,51.82,
25-10-2021,53.75,
26-10-2021,54.68,
27-10-2021,54.12,
28-10-2021,53.71,
29-10-2021,54.06,
30-10-2021,52.98,
31-10-2021,51.89,
01-11-2021,53.27,
02-11-2021,53.69,
03-11-2021,52.77,
04-11-2021,47.6,
05-11-2021,44.13,
06-11-2021,46.13,
07-11-2021,46.96,
08-11-2021,49.96,
09-11-2021,52.34,
10-11-2021,53.4,
11-11-2021,52.52,
12-11-2021,53.05,
13-11-2021,53.84,
14-11-2021,52.78,
15-11-2021,53.88,
16-11-2021,53.22,
17-11-2021,53.89,
18-11-2021,54.13,
19-11-2021,52.58,
20-11-2021,51.78,
21-11-2021,50.1,
22-11-2021,53.17,
23-11-2021,55.59,
24-11-2021,55.91,
25-11-2021,55.68,
26-11-2021,55.42,
27-11-2021,54.87,
28-11-2021,51.98,
29-11-2021,52.63,
30-11-2021,53.15,
01-12-2021,53.99,
02-12-2021,53.42,
03-12-2021,54.41,
04-12-2021,54.78,
05-12-2021,53.87,
06-12-2021,55.89,
07-12-2021,57.2,
08-12-2021,57.07,
09-12-2021,57.57,
10-12-2021,56.95,
11-12-2021,56.64,
12-12-2021,54.71,
13-12-2021,57.3,
14-12-2021,58.3,
15-12-2021,58.02,
16-12-2021,58.07,
17-12-2021,58.16,
18-12-2021,58.05,
19-12-2021,55.5,
20-12-2021,59.56,
21-12-2021,62.18,
22-12-2021,63.46,
23-12-2021,64.11,
24-12-2021,64.08,
25-12-2021,63.15,
26-12-2021,61.24,
27-12-2021,61.74,
28-12-2021,60.39,
29-12-2021,58.65,
30-12-2021,57.87,
31-12-2021,57.95,
01-01-2022,58.9,
02-01-2022,56.92,
03-01-2022,60.34,
04-01-2022,62.53,
05-01-2022,62.39,
06-01-2022,60.93,
07-01-2022,60.89,
08-01-2022,58.42,
09-01-2022,56.18,
10-01-2022,58.35,
11-01-2022,58.65,
12-01-2022,59.02,
13-01-2022,59.09,
14-01-2022,56.83,
15-01-2022,56.05,
16-01-2022,55.77,
17-01-2022,59.5,
18-01-2022,61.32,
19-01-2022,62.68,
20-01-2022,62.6,
21-01-2022,63,
22-01-2022,59.48,
23-01-2022,58.76,
24-01-2022,62.51,
25-01-2022,63.07,
26-01-2022,60.42,
27-01-2022,61.5,
28-01-2022,62.28,
29-01-2022,62.87,
30-01-2022,62.17,
31-01-2022,63.71,
01-02-2022,64.77,
02-02-2022,64.86,
03-02-2022,62.53,
04-02-2022,63.87,
05-02-2022,64.9,
06-02-2022,62.72,
07-02-2022,65.1,
08-02-2022,65.89,
09-02-2022,64.45,
10-02-2022,63.71,
11-02-2022,63.28,
12-02-2022,64.08,
13-02-2022,62.43,
14-02-2022,63.98,
15-02-2022,64.73,
16-02-2022,65.54,
17-02-2022,65.03,
18-02-2022,64.28,
19-02-2022,63.64,
20-02-2022,62,
21-02-2022,63.82,
22-02-2022,63.64,
23-02-2022,64.56,
24-02-2022,66.18,
25-02-2022,65.88,
26-02-2022,64.1,
27-02-2022,61.13,
28-02-2022,64.28,
01-03-2022,65.38,
02-03-2022,63.87,
03-03-2022,63.83,
04-03-2022,64.81,
05-03-2022,65.68,
06-03-2022,64.62,
07-03-2022,65.44,
08-03-2022,66.18,
09-03-2022,66.87,
10-03-2022,68.11,
11-03-2022,68.75,
12-03-2022,68.23,
13-03-2022,66.9,
14-03-2022,68.75,
15-03-2022,69.29,
16-03-2022,70.11,
17-03-2022,69.17,
18-03-2022,64.09,
19-03-2022,64.23,
20-03-2022,65.53,
21-03-2022,68.66,
22-03-2022,68.87,
23-03-2022,69.74,
24-03-2022,70.22,
25-03-2022,70.61,
26-03-2022,70.47,
27-03-2022,68.94,
28-03-2022,70.43,
29-03-2022,70.85,
30-03-2022,71.59,
31-03-2022,71.94,
01-04-2022,71.87,
02-04-2022,71.29,
03-04-2022,69.03,
04-04-2022,71.38,
05-04-2022,71.9,
06-04-2022,70.92,
07-04-2022,71.55,
08-04-2022,71.65,
09-04-2022,71.31,
10-04-2022,69.27,
11-04-2022,69.93,
12-04-2022,70.51,
13-04-2022,71.23,
14-04-2022,70.63,
15-04-2022,70.38,
16-04-2022,71.54,
17-04-2022,68.63,
18-04-2022,70.84,
19-04-2022,71.69,
20-04-2022,71.33,
21-04-2022,71.59,
22-04-2022,71.15,
23-04-2022,71.99,
24-04-2022,69.82,
25-04-2022,72.36,
26-04-2022,72.51,
27-04-2022,72.87,
28-04-2022,72.49,
29-04-2022,71.74,
30-04-2022,70.65,
01-05-2022,67.24,
02-05-2022,69.5,
03-05-2022,69.2,
04-05-2022,69.72,
05-05-2022,69.14,
06-05-2022,71.44,
07-05-2022,71.76,
08-05-2022,69.27,
09-05-2022,69.95,
10-05-2022,69.13,
11-05-2022,69.22,
12-05-2022,68.37,
13-05-2022,67.67,
14-05-2022,67.3,
15-05-2022,65.15,
16-05-2022,67.79,
17-05-2022,69.53,
18-05-2022,71.35,
19-05-2022,70.7,
20-05-2022,67.55,
21-05-2022,60.96,
22-05-2022,56.04,
23-05-2022,55.22,
24-05-2022,59.92,
25-05-2022,66.08,
26-05-2022,66.71,
27-05-2022,65,
28-05-2022,64.63,
29-05-2022,63.3,
30-05-2022,68.27,
31-05-2022,69.5,
01-06-2022,69.33,
02-06-2022,70.49,
03-06-2022,70.06,
04-06-2022,70.79,
05-06-2022,68.23,
06-06-2022,70.5,
07-06-2022,70.05,
08-06-2022,68.84,
09-06-2022,68.14,
10-06-2022,69.51,
11-06-2022,69.15,
12-06-2022,67.68,
13-06-2022,71.22,
14-06-2022,72.18,
15-06-2022,69.96,
16-06-2022,67.62,
17-06-2022,66.26,
18-06-2022,65.26,
19-06-2022,60.94,
20-06-2022,60.68,
21-06-2022,60.57,
22-06-2022,65.34,
23-06-2022,68.11,
24-06-2022,67.44,
25-06-2022,66.71,
26-06-2022,65.27,
27-06-2022,68.31,
28-06-2022,68.9,
29-06-2022,65.98,
30-06-2022,60.18,
01-07-2022,59.35,
02-07-2022,61.02,
03-07-2022,58.7,
04-07-2022,62.84,
05-07-2022,63.67,
06-07-2022,63.28,
07-07-2022,63.83,
08-07-2022,62.89,
09-07-2022,58.15,
10-07-2022,53.22,
11-07-2022,55.99,
12-07-2022,56.38,
13-07-2022,57.42,
14-07-2022,56.02,
15-07-2022,56.09,
16-07-2022,56.52,
17-07-2022,54.08,
18-07-2022,59.71,
19-07-2022,61.82,
20-07-2022,59.21,
21-07-2022,54.28,
22-07-2022,56.65,
23-07-2022,55.59,
24-07-2022,51.52,
25-07-2022,55.8,
26-07-2022,59.75,
27-07-2022,60.87,
28-07-2022,60.19,
29-07-2022,61.4,
30-07-2022,58.73,
31-07-2022,54.89,
01-08-2022,57.47,
02-08-2022,59.51,
03-08-2022,62.54,
04-08-2022,62.37,
05-08-2022,59.84,
06-08-2022,57.62,
07-08-2022,53.64,
08-08-2022,55.38,
09-08-2022,55.51,
10-08-2022,54.9,
11-08-2022,51.02,
12-08-2022,53.76,
13-08-2022,55.52,
14-08-2022,51.32,
15-08-2022,48.16,
16-08-2022,53.06,
17-08-2022,57.05,
18-08-2022,58.46,
19-08-2022,58.5,
20-08-2022,56.57,
21-08-2022,53.94,
22-08-2022,56.13,
23-08-2022,58.11,
24-08-2022,58.41,
25-08-2022,59.65,
26-08-2022,62.76,
27-08-2022,62.1,
28-08-2022,60.42,
29-08-2022,64.03,
30-08-2022,65.77,
31-08-2022,64.89,
01-09-2022,64.7,
02-09-2022,65.68,
03-09-2022,65.68,
04-09-2022,61.13,
05-09-2022,64.78,
06-09-2022,66.39,
07-09-2022,67.16,
08-09-2022,65.86,
09-09-2022,64.58,
10-09-2022,63.26,
11-09-2022,57.98,
12-09-2022,57.88,
13-09-2022,57.78,
14-09-2022,57.95,
15-09-2022,55.23,
16-09-2022,52.82,
17-09-2022,53.66,
18-09-2022,55.08,
19-09-2022,58.64,
20-09-2022,59.62,
21-09-2022,58.88,
22-09-2022,55.91,
23-09-2022,54,
24-09-2022,53.06,
25-09-2022,52.75,
26-09-2022,58.54,
27-09-2022,59.34,
28-09-2022,61.13,
29-09-2022,61.84,
30-09-2022,61.27,
01-10-2022,58.84,
02-10-2022,55.74,
03-10-2022,59.1,
04-10-2022,59.94,
05-10-2022,56.18,
06-10-2022,56.94,
07-10-2022,56.84,
08-10-2022,55.58,
09-10-2022,53.89,
10-10-2022,55.71,
11-10-2022,55.09,
12-10-2022,55.39,
13-10-2022,55.86,
14-10-2022,55.31,
15-10-2022,54.71,
16-10-2022,52.75,
17-10-2022,55.84,
18-10-2022,57.04,
19-10-2022,57.15,
20-10-2022,57.07,
21-10-2022,56.73,
22-10-2022,55.05,
23-10-2022,51.43,
24-10-2022,46.1,
25-10-2022,43.78,
26-10-2022,48.08,
27-10-2022,51.87,
28-10-2022,54.6,
29-10-2022,54.69,
30-10-2022,53.1,
31-10-2022,55.8,
01-11-2022,57.75,
02-11-2022,58.19,
03-11-2022,58.47,
04-11-2022,58.54,
05-11-2022,58.48,
06-11-2022,57.41,
07-11-2022,59.93,
08-11-2022,61.05,
09-11-2022,61.52,
10-11-2022,61.11,
11-11-2022,60.45,
12-11-2022,58.89,
13-11-2022,56.94,
14-11-2022,59.17,
15-11-2022,60.51,
16-11-2022,61.24,
17-11-2022,61.36,
18-11-2022,61.44,
19-11-2022,60.9,
20-11-2022,58.66,
21-11-2022,60.81,
22-11-2022,62.15,
23-11-2022,62.32,
24-11-2022,62.57,
25-11-2022,62.78,
26-11-2022,62.92,
27-11-2022,61.6,
28-11-2022,63.11,
29-11-2022,62.82,
30-11-2022,62.33,
01-12-2022,62.56,
02-12-2022,63.63,
03-12-2022,63.4,
04-12-2022,60.6,
05-12-2022,62.04,
06-12-2022,63.27,
07-12-2022,63.9,
08-12-2022,63.26,
09-12-2022,62.18,
10-12-2022,59.88,
11-12-2022,58.07,
12-12-2022,60.72,
13-12-2022,61.09,
14-12-2022,61.74,
15-12-2022,63.01,
16-12-2022,64.05,
17-12-2022,64.52,
18-12-2022,62.66,
19-12-2022,64.96,
20-12-2022,65.38,
21-12-2022,65.68,
22-12-2022,65.86,
23-12-2022,66.59,
24-12-2022,66.25,
25-12-2022,64.02,
26-12-2022,64.65,
27-12-2022,66.12,
28-12-2022,67.15,
29-12-2022,68.15,
30-12-2022,67.84,
31-12-2022,67.17,
01-01-2023,64.63,
02-01-2023,66.8,
03-01-2023,67.15,
04-01-2023,65.4,
05-01-2023,65.72,
06-01-2023,66.62,
07-01-2023,67.85,
08-01-2023,67.22,
09-01-2023,68.41,
10-01-2023,68.49,
11-01-2023,69.02,
12-01-2023,68.48,
13-01-2023,68.85,
14-01-2023,65.44,
15-01-2023,62.78,
16-01-2023,65.37,
17-01-2023,66.44,
18-01-2023,67.6,
19-01-2023,67.44,
20-01-2023,67.38,
21-01-2023,66.96,
22-01-2023,65.21,
23-01-2023,66.12,
24-01-2023,67.21,
25-01-2023,66.12,
26-01-2023,60.29,
27-01-2023,62.66,
28-01-2023,64.76,
29-01-2023,63.28,
30-01-2023,64.05,
31-01-2023,64.07,
01-02-2023,63.73,
02-02-2023,65.18,
03-02-2023,66.66,
04-02-2023,66.8,
05-02-2023,64.41,
06-02-2023,66.58,
07-02-2023,68.08,
08-02-2023,68.78,
09-02-2023,68.32,
10-02-2023,68.21,
11-02-2023,68.34,
12-02-2023,64.84,
13-02-2023,65.88,
14-02-2023,68.56,
15-02-2023,69.07,
16-02-2023,68.99,
17-02-2023,69.43,
18-02-2023,68.92,
19-02-2023,67.25,
20-02-2023,68.9,
21-02-2023,69.28,
22-02-2023,70.26,
23-02-2023,70.27,
24-02-2023,70.58,
25-02-2023,69.98,
26-02-2023,68.19,
27-02-2023,69.96,
28-02-2023,69.45,
01-03-2023,69.4,
02-03-2023,70.04,
03-03-2023,70.78,
04-03-2023,70.85,
05-03-2023,68.49,
06-03-2023,69.78,
07-03-2023,65.19,
08-03-2023,61.65,
09-03-2023,64.33,
10-03-2023,68.77,
11-03-2023,69.88,
12-03-2023,68.62,
13-03-2023,71.34,
14-03-2023,72.27,
15-03-2023,72.46,
16-03-2023,70.65,
17-03-2023,66.39,
18-03-2023,62.72,
19-03-2023,56.7,
20-03-2023,59.24,
21-03-2023,61.59,
22-03-2023,63.94,
23-03-2023,65.54,
24-03-2023,65.4,
25-03-2023,67.36,
26-03-2023,64.75,
27-03-2023,67.35,
28-03-2023,69.4,
29-03-2023,70.55,
30-03-2023,69.94,
31-03-2023,65.78,
01-04-2023,63.16,
02-04-2023,61.46,
03-04-2023,64.8,
04-04-2023,67.49,
05-04-2023,68.24,
06-04-2023,69.02,
07-04-2023,70.01,
08-04-2023,69.19,
09-04-2023,67.96,
10-04-2023,71.3,
11-04-2023,74.08,
12-04-2023,74.45,
13-04-2023,75.54,
14-04-2023,75.22,
15-04-2023,74.29,
16-04-2023,72.99,
17-04-2023,75.53,
18-04-2023,77.57,
19-04-2023,76.36,
20-04-2023,75.57,
21-04-2023,73.27,
22-04-2023,71.22,
23-04-2023,65.11,
24-04-2023,69.43,
25-04-2023,71.78,
26-04-2023,72.18,
27-04-2023,72.68,
28-04-2023,72.01,
29-04-2023,69.63,
30-04-2023,62.87,
01-05-2023,57.34,
02-05-2023,58.65,
03-05-2023,60.59,
04-05-2023,61.49,
05-05-2023,64.24,
06-05-2023,65.54,
07-05-2023,63.85,
08-05-2023,67.82,
09-05-2023,70.62,
10-05-2023,72.08,
11-05-2023,72.75,
12-05-2023,72.4,
13-05-2023,71.67,
14-05-2023,67.37,
15-05-2023,69.03,
16-05-2023,72.23,
17-05-2023,74.72,
18-05-2023,71.59,
19-05-2023,75.65,
20-05-2023,74.7,
21-05-2023,72.53,
22-05-2023,73.81,
23-05-2023,74.34,
24-05-2023,68.45,
25-05-2023,64.84,
26-05-2023,60.87,
27-05-2023,62.55,
28-05-2023,65.17,
29-05-2023,69.41,
30-05-2023,71.07,
31-05-2023,69.52,
01-06-2023,68.01,
02-06-2023,69.51,
03-06-2023,72.51,
04-06-2023,67.19,
05-06-2023,71.43,
06-06-2023,71.86,
07-06-2023,73.17,
08-06-2023,74.48,
09-06-2023,73.55,
10-06-2023,70.86,
11-06-2023,68.21,
12-06-2023,70.97,
13-06-2023,70.16,
14-06-2023,68.57,
15-06-2023,69.63,
16-06-2023,71.49,
17-06-2023,71.17,
18-06-2023,67.76,
19-06-2023,70.07,
20-06-2023,70.23,
21-06-2023,71.31,
22-06-2023,71.43,
23-06-2023,71.38,
24-06-2023,69.56,
25-06-2023,63.14,
26-06-2023,62.56,
27-06-2023,64.31,
28-06-2023,63.33,
29-06-2023,61.04,
30-06-2023,59.28,
01-07-2023,61.88,
02-07-2023,61.71,
03-07-2023,66.19,
04-07-2023,67.44,
05-07-2023,65.38,
06-07-2023,63.35,
07-07-2023,63.93,
08-07-2023,60.79,
09-07-2023,59.23,
10-07-2023,65.46,
11-07-2023,66.4,
12-07-2023,67.48,
13-07-2023,66.51,
14-07-2023,65.87,
15-07-2023,64.73,
16-07-2023,62.88,
17-07-2023,66.07,
18-07-2023,65.06,
19-07-2023,63.72,
20-07-2023,65.22,
21-07-2023,66.22,
22-07-2023,63.56,
23-07-2023,60.56,
24-07-2023,64.22,
25-07-2023,64.89,
26-07-2023,61.65,
27-07-2023,60.25,
28-07-2023,57.84,
29-07-2023,55.05,
30-07-2023,56.08,
31-07-2023,60.31,
01-08-2023,60.23,
02-08-2023,58.67,
03-08-2023,59.63,
04-08-2023,61.81,
05-08-2023,62.29,
06-08-2023,58.23,
07-08-2023,59.34,
08-08-2023,62.87,
09-08-2023,65.43,
10-08-2023,67.32,
11-08-2023,69.43,
12-08-2023,67.69,
13-08-2023,65.4,
14-08-2023,68.46,
15-08-2023,68.13,
16-08-2023,70.12,
17-08-2023,69.93,
18-08-2023,69.63,
19-08-2023,68.13,
20-08-2023,68.34,
21-08-2023,70.14,
22-08-2023,69.72,
23-08-2023,66.2,
24-08-2023,65.78,
25-08-2023,68.01,
26-08-2023,69.24,
27-08-2023,67.95,
28-08-2023,68.96,
29-08-2023,72.35,
30-08-2023,73.69,
31-08-2023,74.64,
01-09-2023,75.98,
02-09-2023,74.45,
03-09-2023,72.65,
04-09-2023,71.5,
05-09-2023,72.79,
06-09-2023,71.96,
07-09-2023,68.06,
08-09-2023,66.26,
09-09-2023,64.72,
10-09-2023,61.65,
11-09-2023,65.97,
12-09-2023,69.23,
13-09-2023,71.84,
14-09-2023,74.59,
15-09-2023,72.09,
16-09-2023,67.55,
17-09-2023,61.15,
18-09-2023,62.91,
19-09-2023,65.01,
20-09-2023,68,
21-09-2023,69.36,
22-09-2023,68.65,
23-09-2023,65.06,
24-09-2023,60.81,
25-09-2023,64.62,
26-09-2023,68.65,
27-09-2023,69.63,
28-09-2023,69.48,
29-09-2023,70.13,
30-09-2023,68.43,
01-10-2023,64.7,
02-10-2023,63.7,
03-10-2023,66.93,
04-10-2023,68.7,
05-10-2023,69.39,
06-10-2023,70.38,
07-10-2023,71.21,
08-10-2023,71.42,
09-10-2023,72.45,
10-10-2023,72.88,
11-10-2023,74.18,
12-10-2023,74.1,
13-10-2023,74.32,
14-10-2023,74.29,
15-10-2023,71.73,
16-10-2023,71.31,
17-10-2023,69.75,
18-10-2023,71.7,
19-10-2023,73.1,
20-10-2023,73.13,
21-10-2023,72.18,
22-10-2023,70.2,
23-10-2023,69.23,
24-10-2023,67.27,
25-10-2023,70.52,
26-10-2023,72.89,
27-10-2023,72.95,
28-10-2023,73.06,
29-10-2023,70.74,
30-10-2023,71.69,
31-10-2023,72.71,
01-11-2023,73.28,
02-11-2023,73.36,
03-11-2023,73.43,
04-11-2023,72.48,
05-11-2023,69.02,
06-11-2023,70.42,
07-11-2023,70.71,
08-11-2023,71.04,
09-11-2023,70.84,
10-11-2023,67.97,
11-11-2023,62.73,
12-11-2023,56.21,
13-11-2023,54.64,
14-11-2023,58.71,
15-11-2023,60.77,
16-11-2023,62.87,
17-11-2023,64.88,
18-11-2023,66.71,
19-11-2023,64.58,
20-11-2023,65.88,
21-11-2023,67.71,
22-11-2023,68.67,
23-11-2023,68.29,
24-11-2023,66.9,
25-11-2023,65.28,
26-11-2023,61.4,
27-11-2023,60.56,
28-11-2023,61.44,
29-11-2023,62.11,
30-11-2023,60.48,
01-12-2023,60.54,
02-12-2023,59.2,
03-12-2023,56.64,
04-12-2023,57.33,
05-12-2023,57.86,
06-12-2023,59.83,
07-12-2023,62.06,
08-12-2023,63.41,
09-12-2023,63.1,
10-12-2023,60.71,
11-12-2023,63.81,
12-12-2023,65.46,
13-12-2023,65.8,
14-12-2023,66.04,
15-12-2023,67.51,
16-12-2023,67.41,
17-12-2023,63.22,
18-12-2023,62.99,
19-12-2023,64.8,
20-12-2023,66.35,
21-12-2023,67.6,
22-12-2023,68.99,
23-12-2023,67.46,
24-12-2023,64.65,
25-12-2023,66.23,
26-12-2023,68.28,
27-12-2023,67.7,
28-12-2023,67.87,
29-12-2023,69.14,
30-12-2023,69.49,
31-12-2023,66.73,
01-01-2024,67.34,
02-01-2024,69.25,
03-01-2024,70.8,
04-01-2024,70.91,
05-01-2024,71.3,
06-01-2024,69.24,
07-01-2024,66.21,
08-01-2024,68.96,
09-01-2024,68.49,
10-01-2024,69.52,
11-01-2024,69.95,
12-01-2024,71.25,
13-01-2024,72.58,
14-01-2024,69.1,
15-01-2024,69.67,
16-01-2024,71.56,
17-01-2024,72.49,
18-01-2024,73.14,
19-01-2024,73.24,
20-01-2024,73.39,
21-01-2024,71.95,
22-01-2024,72.32,
23-01-2024,73.22,
24-01-2024,73.83,
25-01-2024,73.77,
26-01-2024,70.33,
27-01-2024,70.91,
28-01-2024,71.73,
29-01-2024,72.84,
30-01-2024,73.7,
31-01-2024,73.01,
01-02-2024,71.04,
02-02-2024,72.73,
03-02-2024,72.95,
04-02-2024,69.51,
05-02-2024,69.93,
06-02-2024,71.57,
07-02-2024,71.23,
08-02-2024,70.24,
09-02-2024,70.97,
10-02-2024,70.15,
11-02-2024,67.66,
12-02-2024,70.3,
13-02-2024,71.71,
14-02-2024,71.13,
15-02-2024,70.43,
16-02-2024,70.5,
17-02-2024,71.41,
18-02-2024,68.03,
19-02-2024,67.14,
20-02-2024,71.26,
21-02-2024,71.09,
22-02-2024,72.03,
23-02-2024,73.06,
24-02-2024,73.17,
25-02-2024,69.84,
26-02-2024,70.01,
27-02-2024,68.66,
28-02-2024,69.88,
29-02-2024,71.54,
01-03-2024,71.41,
02-03-2024,65.64,
03-03-2024,62.32,
04-03-2024,67.12,
05-03-2024,68.8,
06-03-2024,70.93,
07-03-2024,71.17,
08-03-2024,70.76,
09-03-2024,70.34,
10-03-2024,69.43,
11-03-2024,72.24,
12-03-2024,73.66,
13-03-2024,73.6,
14-03-2024,74.73,
15-03-2024,75.34,
16-03-2024,74.39,
17-03-2024,70.41,
18-03-2024,73.51,
19-03-2024,73.48,
20-03-2024,71.27,
21-03-2024,71.01,
22-03-2024,72.49,
23-03-2024,72.94,
24-03-2024,68.92,
25-03-2024,63.96,
26-03-2024,68.06,
27-03-2024,73.05,
28-03-2024,75.74,
29-03-2024,76.56,
30-03-2024,75.1,
31-03-2024,71.76,
01-04-2024,72.76,
02-04-2024,74.49,
03-04-2024,76.14,
04-04-2024,77.63,
05-04-2024,77.71,
06-04-2024,77.05,
07-04-2024,73.54,
08-04-2024,74.83,
09-04-2024,75.65,
10-04-2024,76.04,
11-04-2024,75.02,
12-04-2024,75.38,
13-04-2024,74.96,
14-04-2024,71.75,
15-04-2024,76.27,
16-04-2024,76.43,
17-04-2024,76.74,
18-04-2024,77.11,
19-04-2024,74.2,
20-04-2024,75.94,
21-04-2024,74.17,
22-04-2024,75.42,
23-04-2024,75.15,
24-04-2024,75.88,
25-04-2024,78.06,
26-04-2024,77.23,
27-04-2024,77.72,
28-04-2024,75.44,
29-04-2024,77.73,
30-04-2024,77.77,
01-05-2024,73.64,
02-05-2024,76.86,
03-05-2024,78.59,
04-05-2024,78.89,
05-05-2024,75.68,
06-05-2024,78.49,
07-05-2024,74.88,
08-05-2024,73.99,
09-05-2024,74.59,
10-05-2024,73.88,
11-05-2024,73.14,
12-05-2024,72.64,
13-05-2024,74.84,
14-05-2024,74.36,
15-05-2024,76.1,
16-05-2024,77.43,
17-05-2024,77.61,
18-05-2024,76.47,
19-05-2024,73.17,
20-05-2024,74.29,
21-05-2024,75.33,
22-05-2024,77.47,
23-05-2024,76.68,
24-05-2024,77.93,
25-05-2024,74.71,
26-05-2024,69.46,
27-05-2024,69.89,
28-05-2024,70.83,
29-05-2024,71.93,
30-05-2024,76.71,
31-05-2024,76.14,
01-06-2024,75.23,
02-06-2024,74.72,
03-06-2024,76.96,
04-06-2024,75.55,
05-06-2024,73.97,
06-06-2024,72.39,
07-06-2024,75.65,
08-06-2024,75.36,
09-06-2024,71.95,
10-06-2024,73.85,
11-06-2024,73.55,
12-06-2024,73.96,
13-06-2024,74.19,
14-06-2024,73.66,
15-06-2024,75.73,
16-06-2024,75.15,
17-06-2024,78.14,
18-06-2024,75.28,
19-06-2024,72.71,
20-06-2024,67.62,
21-06-2024,71.51,
22-06-2024,74.51,
23-06-2024,71.98,
24-06-2024,74.33,
25-06-2024,74.63,
26-06-2024,73.97,
27-06-2024,71.15,
28-06-2024,71.02,
29-06-2024,70.39,
30-06-2024,65.67,
01-07-2024,65.69,
02-07-2024,63.13,
03-07-2024,63.58,
04-07-2024,64.92,
05-07-2024,65.43,
06-07-2024,60.25,
07-07-2024,60.22,
08-07-2024,68.62,
09-07-2024,71.17,
10-07-2024,71.32,
11-07-2024,70.09,
12-07-2024,66.39,
13-07-2024,66.03,
14-07-2024,66.01,
15-07-2024,70.59,
16-07-2024,69.53,
17-07-2024,69.42,
18-07-2024,69.05,
19-07-2024,67.25,
20-07-2024,68.19,
21-07-2024,65.7,
22-07-2024,67.54,
23-07-2024,66,
24-07-2024,64.42,
25-07-2024,63.67,
26-07-2024,63.35,
27-07-2024,63.89,
28-07-2024,64.52,
29-07-2024,68.73,
30-07-2024,69.87,
31-07-2024,67.77,
01-08-2024,61.08,
02-08-2024,59.57,
03-08-2024,58.06,
04-08-2024,56.36,
05-08-2024,63.57,
06-08-2024,64.39,
07-08-2024,61.93,
08-08-2024,61.49,
09-08-2024,63.28,
10-08-2024,62.18,
11-08-2024,57.89,
12-08-2024,61.74,
13-08-2024,66.45,
14-08-2024,69.03,
15-08-2024,64.22,
16-08-2024,68.57,
17-08-2024,67.56,
18-08-2024,64.9,
19-08-2024,65.53,
20-08-2024,64.35,
21-08-2024,66.77,
22-08-2024,67.28,
23-08-2024,65.38,
24-08-2024,61.59,
25-08-2024,54.72,
26-08-2024,55.58,
27-08-2024,55.31,
28-08-2024,57.3,
29-08-2024,57.55,
30-08-2024,60.48,
31-08-2024,62.2,
01-09-2024,58.29,
02-09-2024,61.31,
03-09-2024,62.21,
04-09-2024,59.05,
05-09-2024,58.37,
06-09-2024,59.58,
07-09-2024,59.03,
08-09-2024,56.96,
09-09-2024,60.4,
10-09-2024,60.52,
11-09-2024,60.45,
12-09-2024,58.54,
13-09-2024,58.4,
14-09-2024,58.37,
15-09-2024,57.3,
16-09-2024,61.13,
17-09-2024,62.34,
18-09-2024,64.63,
19-09-2024,66.84,
20-09-2024,69.94,
21-09-2024,70,
22-09-2024,68.97,
23-09-2024,71.48,
24-09-2024,71.36,
25-09-2024,69.11,
26-09-2024,65.12,
27-09-2024,62.68,
28-09-2024,63.75,
29-09-2024,64.69,
30-09-2024,69.35,
01-10-2024,70.99,
02-10-2024,69.67,
03-10-2024,69.99,
04-10-2024,71.31,
05-10-2024,71.43,
06-10-2024,68.96,
07-10-2024,71.72,
08-10-2024,73.22,
09-10-2024,73.46,
10-10-2024,70.74,
11-10-2024,68.24,
12-10-2024,63.2,
13-10-2024,62.72,
14-10-2024,68.8,
15-10-2024,68.42,
16-10-2024,67.47,
17-10-2024,67.18,
18-10-2024,68.13,
19-10-2024,68.71,
20-10-2024,65.4,
21-10-2024,67.72,
22-10-2024,67.81,
23-10-2024,68.24,
24-10-2024,67.17,
25-10-2024,65.79,
26-10-2024,65.78,
27-10-2024,64.64,
28-10-2024,68.79,
29-10-2024,70.75,
30-10-2024,70.09,
31-10-2024,62.18,
01-11-2024,58.39,
02-11-2024,57.79,
03-11-2024,58.11,
04-11-2024,63.21,
05-11-2024,65.5,
06-11-2024,66.95,
07-11-2024,67.75,
08-11-2024,67.98,
09-11-2024,68.21,
10-11-2024,65.49,
11-11-2024,67.96,
12-11-2024,69.29,
13-11-2024,68.56,
14-11-2024,68.9,
15-11-2024,68.78,
16-11-2024,66.39,
17-11-2024,62.25,
18-11-2024,63.45,
19-11-2024,65.11,
20-11-2024,64.05,
21-11-2024,65.24,
22-11-2024,65.27,
23-11-2024,65.78,
24-11-2024,63.1,
25-11-2024,64.33,
26-11-2024,65.34,
27-11-2024,65.12,
28-11-2024,63.67,
29-11-2024,64.74,
30-11-2024,63.06,
01-12-2024,58.88,
02-12-2024,61.25,
03-12-2024,61.88,
04-12-2024,62.63,
05-12-2024,64.53,
06-12-2024,66.35,
07-12-2024,66.02,
08-12-2024,62.58,
09-12-2024,63.62,
10-12-2024,64.27,
11-12-2024,64.51,
12-12-2024,64.11,
13-12-2024,63.1,
14-12-2024,62.56,
15-12-2024,60.57,
16-12-2024,64.23,
17-12-2024,65.62,
18-12-2024,66.91,
19-12-2024,67.65,
20-12-2024,67.5,
21-12-2024,68.01,
22-12-2024,67.54,
23-12-2024,68.78,
24-12-2024,68.43,
25-12-2024,67.61,
26-12-2024,68.47,
27-12-2024,66.06,
28-12-2024,61.86,
29-12-2024,60.64,
30-12-2024,64.25,
31-12-2024,65.82,
01-01-2025,64.13,
02-01-2025,65.94,
03-01-2025,67.8,
04-01-2025,67.89,
05-01-2025,66.12,
06-01-2025,66.71,
07-01-2025,67.86,
08-01-2025,68.82,
09-01-2025,69.16,
10-01-2025,70.51,
11-01-2025,70,
12-01-2025,66.57,
13-01-2025,66.65,
14-01-2025,63.2,
15-01-2025,64,
16-01-2025,65.72,
17-01-2025,66.55,
18-01-2025,68.58,
19-01-2025,67.73,
20-01-2025,68.9,
21-01-2025,69.71,
22-01-2025,69.72,
23-01-2025,67.48,
24-01-2025,67.72,
25-01-2025,69.14,
26-01-2025,65.33,
27-01-2025,69.75,
28-01-2025,71.92,
29-01-2025,71.77,
30-01-2025,72.67,
31-01-2025,72.97,
01-02-2025,71.37,
02-02-2025,67.74,
03-02-2025,70.79,
04-02-2025,70.73,
05-02-2025,70.48,
06-02-2025,69.12,
07-02-2025,69.9,
08-02-2025,71.41,
09-02-2025,70.32,
10-02-2025,72.99,
11-02-2025,72.9,
12-02-2025,73.79,
13-02-2025,73.14,
14-02-2025,73.47,
15-02-2025,71.82,
16-02-2025,70.13,
17-02-2025,73.11,
18-02-2025,74.52,
19-02-2025,75.21,
20-02-2025,72.44,
21-02-2025,74.06,
22-02-2025,73.62,
23-02-2025,70.69,
24-02-2025,71.8,
25-02-2025,74.44,
26-02-2025,73.25,
27-02-2025,73.42,
28-02-2025,72.02,
01-03-2025,70.45,
02-03-2025,69.21,
03-03-2025,71.74,
04-03-2025,71,
05-03-2025,69.77,
06-03-2025,72.85,
07-03-2025,74.62,
08-03-2025,75.36,
09-03-2025,73.5,
10-03-2025,74.83,
11-03-2025,76.37,
12-03-2025,76.22,
13-03-2025,74.39,
14-03-2025,66.42,
15-03-2025,68.2,
16-03-2025,70.52,
17-03-2025,74.05,
18-03-2025,74.21,
19-03-2025,74.87,
20-03-2025,74.64,
21-03-2025,73.92,
22-03-2025,71.58,
23-03-2025,69.03,
24-03-2025,72.46,
25-03-2025,73.52,
26-03-2025,73.76,
27-03-2025,74.52,
28-03-2025,73.86,
29-03-2025,71.73,
30-03-2025,70.5,
31-03-2025,71.36,
01-04-2025,71.58,
02-04-2025,72.28,
03-04-2025,72.03,
04-04-2025,71.04,
05-04-2025,71.76,
06-04-2025,68.07,
07-04-2025,71.17,
08-04-2025,74.23,
09-04-2025,74.91,
10-04-2025,69.56,
11-04-2025,65.64,
12-04-2025,67.26,
13-04-2025,66,
14-04-2025,68.56,
15-04-2025,71.1,
16-04-2025,72.78,
17-04-2025,72.76,
18-04-2025,70.61,
19-04-2025,68.7,
20-04-2025,70.64,
21-04-2025,74.98,
22-04-2025,75.33,
23-04-2025,74.83,
24-04-2025,75.62,
25-04-2025,77.01,
26-04-2025,76.45,
27-04-2025,72.66,
28-04-2025,73.75,
29-04-2025,72.78,
30-04-2025,72.05,
01-05-2025,68.74,
02-05-2025,66.97,
03-05-2025,68.46,
04-05-2025,64.64,
05-05-2025,66.03,
06-05-2025,65.26,
07-05-2025,66.39,
08-05-2025,68.26,
09-05-2025,70.68,
10-05-2025,72.23,
11-05-2025,68.88,
12-05-2025,70.72,
13-05-2025,71.24,
14-05-2025,73.21,
15-05-2025,72.95,
16-05-2025,70.3,
17-05-2025,68.78,
18-05-2025,69.71,
19-05-2025,72.88,
20-05-2025,72.89,
21-05-2025,68.57,
22-05-2025,62.93,
23-05-2025,67.2,
24-05-2025,65.08,
25-05-2025,57.74,
26-05-2025,61.61,
27-05-2025,62.61,
28-05-2025,64.21,
29-05-2025,64.28,
30-05-2025,61.04,
31-05-2025,59.68,
01-06-2025,59.6,
02-06-2025,63.81,
03-06-2025,63.58,
04-06-2025,64.64,
05-06-2025,68.82,
06-06-2025,72.32,
07-06-2025,71.76,
08-06-2025,69.64,
09-06-2025,73.29,
10-06-2025,73.72,
11-06-2025,74.65,
12-06-2025,74.97,
13-06-2025,76.08,
14-06-2025,75.97,
15-06-2025,69.04,
16-06-2025,66.79,
17-06-2025,64.57,
18-06-2025,62.18,
19-06-2025,61.19,
20-06-2025,61.34,
21-06-2025,63.75,
22-06-2025,62.09,
23-06-2025,64.61,
24-06-2025,63.23,
25-06-2025,66.22,
26-06-2025,67.03,
27-06-2025,66.38,
28-06-2025,65.78,
29-06-2025,59.36,
30-06-2025,58.96,
01-07-2025,60.01,
02-07-2025,62.67,
03-07-2025,65.04,
04-07-2025,65.35,
05-07-2025,62.95,
06-07-2025,58.67,
07-07-2025,60.99,
08-07-2025,63.54,
09-07-2025,62.39,
10-07-2025,62.3,
11-07-2025,65.31,
12-07-2025,64.49,
13-07-2025,61.35,
14-07-2025,60.33,
15-07-2025,61.76,
16-07-2025,63.5,
17-07-2025,64.69,
18-07-2025,66.43,
19-07-2025,67.39,
20-07-2025,64.97,
21-07-2025,68.67,
22-07-2025,66.24,
23-07-2025,63.47,
24-07-2025,63.71,
25-07-2025,63.05,
26-07-2025,59.06,
27-07-2025,57.36,
28-07-2025,60.04,
29-07-2025,58.6,
30-07-2025,60.43,
31-07-2025,61.46,
01-08-2025,64.19,
02-08-2025,64.28,
03-08-2025,62.58,
04-08-2025,64.4,
05-08-2025,65.37,
06-08-2025,66.64,
07-08-2025,67.88,
08-08-2025,67.91,
09-08-2025,63.11,
10-08-2025,60.45,
11-08-2025,63.08,
12-08-2025,63.53,
13-08-2025,65.8,
14-08-2025,65.69,
15-08-2025,59.5,
16-08-2025,60.34,
17-08-2025,57.8,
18-08-2025,59.34,
19-08-2025,60.1,
20-08-2025,59.97,
21-08-2025,62.62,
22-08-2025,62.08,
23-08-2025,59.17,
24-08-2025,54.39,
25-08-2025,56.44,
26-08-2025,59.15,
27-08-2025,59.8,
28-08-2025,60.03,
29-08-2025,60.21,
30-08-2025,61.12,
31-08-2025,55.47,
01-09-2025,53.57,
02-09-2025,52.53,
03-09-2025,53.35,
04-09-2025,53.9,
05-09-2025,55.24,
06-09-2025,55.89,
07-09-2025,53.41,
08-09-2025,59.07,
09-09-2025,63.83,
10-09-2025,66.1,
11-09-2025,64.65,
12-09-2025,65.21,
13-09-2025,65.58,
14-09-2025,63.01,
15-09-2025,63.38,
16-09-2025,65.16,
17-09-2025,65.28,
18-09-2025,65.42,
19-09-2025,66.23,
20-09-2025,64.24,
21-09-2025,63.01,
22-09-2025,63.96,
23-09-2025,64.09,
24-09-2025,64.68,
25-09-2025,66.11,
26-09-2025,66.23,
27-09-2025,63.35,
28-09-2025,60.66,
29-09-2025,64.25,
30-09-2025,64.17,
01-10-2025,58.9,
02-10-2025,54.73,
03-10-2025,58.48,
04-10-2025,59.95,
05-10-2025,57.13,
06-10-2025,56.37,
07-10-2025,57.43,
08-10-2025,60.05,
09-10-2025,60.22,
10-10-2025,60.01,
11-10-2025,59.48,
12-10-2025,57.71,
13-10-2025,60.59,
14-10-2025,61.69,
15-10-2025,62.09,
16-10-2025,62.6,
17-10-2025,63.16,
18-10-2025,63.71,
19-10-2025,59.89,
20-10-2025,55.22,
21-10-2025,53.31,
22-10-2025,53.54,
23-10-2025,56.06,
24-10-2025,58.75,
25-10-2025,57.96,
26-10-2025,55.72,
27-10-2025,55.58,
28-10-2025,51.6,
29-10-2025,50.3,
30-10-2025,51.67,
31-10-2025,53.57,
01-11-2025,54.53,
02-11-2025,53.26,
03-11-2025,55.26,
04-11-2025,55.76,
05-11-2025,57.55,
06-11-2025,57.54,
07-11-2025,57.47,
08-11-2025,56.61,
09-11-2025,54.73,
10-11-2025,57.18,
11-11-2025,59.45,
12-11-2025,59.43,
13-11-2025,59.13,
14-11-2025,59.94,
15-11-2025,58.19,
16-11-2025,54.71,
17-11-2025,57.74,
18-11-2025,59.31,
19-11-2025,60.45,
20-11-2025,60.25,
21-11-2025,61.58,
22-11-2025,62.08,
23-11-2025,60.28,
24-11-2025,61.9,
25-11-2025,61.69,
26-11-2025,63.2,
27-11-2025,63.78,
28-11-2025,65.13,
29-11-2025,64.45,
30-11-2025,61.61,
01-12-2025,63.57,
02-12-2025,65.28,
03-12-2025,64.81,
04-12-2025,63.84,
05-12-2025,63.93,
06-12-2025,63.8,
07-12-2025,60.97,
08-12-2025,62.9,
09-12-2025,63.44,
10-12-2025,64.38,
11-12-2025,65.05,
12-12-2025,66.66,
13-12-2025,66.56,
14-12-2025,62.89,
15-12-2025,64.07,
16-12-2025,65.26,
17-12-2025,66.63,
18-12-2025,66.98,
19-12-2025,67.5,
20-12-2025,67.94,