20/04/2017,158.63
21/04/2017,155.54
22/04/2017,152.71
23/04/2017,150.59
24/04/2017,157.04
25/04/2017,153.87
26/04/2017,155.74
27/04/2017,153.87
28/04/2017,153.42
29/04/2017,149.46
30/04/2017,147.83
01/05/2017,141.5
02/05/2017,152.49
03/05/2017,150.83
04/05/2017,156.59
05/05/2017,156.15
06/05/2017,152.54
07/05/2017,147.64
08/05/2017,153.31
09/05/2017,149.59
10/05/2017,152.93
11/05/2017,154.49
12/05/2017,156.52
13/05/2017,153.97
14/05/2017,150.71
15/05/2017,153.61
16/05/2017,156.95
17/05/2017,151.76
18/05/2017,151.99
19/05/2017,153.63
20/05/2017,152.6
21/05/2017,149.21
22/05/2017,150.35
23/05/2017,153.48
24/05/2017,155.13
25/05/2017,156
26/05/2017,155.7
27/05/2017,151.13
28/05/2017,149.52
29/05/2017,151.35
31/05/2017,148.61
01/06/2017,150.44
02/06/2017,151.11
03/06/2017,150.45
04/06/2017,153.33
05/06/2017,152.23
06/06/2017,151.55
07/06/2017,148.22
08/06/2017,149.63
09/06/2017,149.02
10/06/2017,146.87
11/06/2017,141.9
12/06/2017,148.56
13/06/2017,151.81
14/06/2017,150.17
15/06/2017,150.72
16/06/2017,150.59
17/06/2017,152.89
18/06/2017,151.73
19/06/2017,147.52
20/06/2017,151.19
21/06/2017,150.35
22/06/2017,152.63
23/06/2017,152.39
24/06/2017,151.53
25/06/2017,145.18
26/06/2017,145.6
27/06/2017,149.25
28/06/2017,144.24
29/06/2017,144.14
30/06/2017,147.9
01/07/2017,142.12
02/07/2017,138.66
03/07/2017,146.66
04/07/2017,150.01
05/07/2017,150.74
06/07/2017,149.44
07/07/2017,150.75
08/07/2017,152.98
09/07/2017,150.75
10/07/2017,154.47
11/07/2017,152.85
12/07/2017,152.84
13/07/2017,152.25
14/07/2017,152.21
15/07/2017,149.86
16/07/2017,145.05
17/07/2017,152.05
18/07/2017,149.98
19/07/2017,148.41
20/07/2017,151.35
21/07/2017,153.1
22/07/2017,152
23/07/2017,143.07
24/07/2017,146.24
25/07/2017,152.48
26/07/2017,153.26
27/07/2017,151.19
28/07/2017,150.84
29/07/2017,153.01
30/07/2017,146.97
31/07/2017,152.76
01/08/2017,152.76
02/08/2017,151.1
03/08/2017,152.08
04/08/2017,152.64
05/08/2017,153.56
06/08/2017,148.5
07/08/2017,149.76
08/08/2017,154
09/08/2017,150.7
10/08/2017,151.36
11/08/2017,158.75
12/08/2017,153.69
13/08/2017,148.19
14/08/2017,152.13
15/08/2017,144.94
16/08/2017,157.3
17/08/2017,160.81
18/08/2017,160.67
19/08/2017,153.5
20/08/2017,145.57
21/08/2017,153.94
22/08/2017,154.9
23/08/2017,154.24
24/08/2017,154.94
25/08/2017,145.22
26/08/2017,152.38
27/08/2017,147.33
28/08/2017,150.33
29/08/2017,147.45
30/08/2017,151.07
31/08/2017,149.1
01/09/2017,144.64
02/09/2017,145.89
03/09/2017,141.81
04/09/2017,149.26
05/09/2017,151.72
06/09/2017,154.43
07/09/2017,155.37
08/09/2017,154.63
09/09/2017,156.22
10/09/2017,152.95
11/09/2017,156.31
12/09/2017,158.6
13/09/2017,157.91
14/09/2017,157.1
15/09/2017,156.59
16/09/2017,156.3
17/09/2017,144.4
18/09/2017,154.27
19/09/2017,154.22
20/09/2017,156.43
21/09/2017,158.53
22/09/2017,150.81
23/09/2017,153.44
24/09/2017,150.72
25/09/2017,157.11
26/09/2017,157.62
27/09/2017,156.07
28/09/2017,156.07
29/09/2017,147.2
30/09/2017,142.38
01/10/2017,144.14
02/10/2017,148.83
03/10/2017,156.06
04/10/2017,156.82
05/10/2017,157.6
06/10/2017,154
07/10/2017,155.34
08/10/2017,150
09/10/2017,155.69
10/10/2017,155.56
11/10/2017,155.78
12/10/2017,154.83
13/10/2017,155.45
14/10/2017,153.75
15/10/2017,148.12
16/10/2017,153.54
17/10/2017,155.08
18/10/2017,149.07
19/10/2017,138.75
20/10/2017,137.13
21/10/2017,138.42
22/10/2017,140.35
23/10/2017,148.56
24/10/2017,150.43
25/10/2017,150.58
26/10/2017,150.25
27/10/2017,150.06
28/10/2017,148.78
29/10/2017,143.26
30/10/2017,146.63
31/10/2017,147.59
01/11/2017,145.61
02/11/2017,147.56
03/11/2017,148.39
04/11/2017,147.07
05/11/2017,140.14
06/11/2017,146.79
07/11/2017,146.95
08/11/2017,148.46
09/11/2017,149.04
10/11/2017,148.27
11/11/2017,147.59
12/11/2017,140.01
13/11/2017,147
14/11/2017,148.08
15/11/2017,146.55
16/11/2017,148.02
17/11/2017,148.31
18/11/2017,146.77
19/11/2017,139.2
20/11/2017,147.53
21/11/2017,145.08
22/11/2017,144.55
23/11/2017,146.39
24/11/2017,147.35
25/11/2017,147.04
26/11/2017,138.92
27/11/2017,147.26
28/11/2017,147
29/11/2017,147.22
30/11/2017,144.7
01/12/2017,143.74
02/12/2017,143.78
03/12/2017,135.55
04/12/2017,146.86
05/12/2017,141.99
06/12/2017,142.54
07/12/2017,146.05
08/12/2017,145.79
09/12/2017,144.91
10/12/2017,139.66
11/12/2017,142.8
12/12/2017,146.62
13/12/2017,147.05
14/12/2017,148.15
15/12/2017,149.45
16/12/2017,149.68
17/12/2017,143.95
18/12/2017,148.66
19/12/2017,149.82
20/12/2017,151.35
21/12/2017,150.65
22/12/2017,150.15
23/12/2017,149.26
24/12/2017,143.57
25/12/2017,146.82
26/12/2017,150.75
27/12/2017,151.78
28/12/2017,149.8
29/12/2017,151.57
30/12/2017,151.49
31/12/2017,145.54
01/01/2018,146.8
02/01/2018,151.49
03/01/2018,152.86
04/01/2018,152.78
06/01/2018,152.14
07/01/2018,147.11
08/01/2018,153.07
09/01/2018,155.1
10/01/2018,154.86
11/01/2018,155.66
12/01/2018,156.8
13/01/2018,155.58
14/01/2018,148.91
15/01/2018,149.8
16/01/2018,151.15
17/01/2018,155.11
18/01/2018,153.48
19/01/2018,155.39
20/01/2018,154.08
21/01/2018,148.25
22/01/2018,152.27
23/01/2018,154.13
24/01/2018,151.43
25/01/2018,151.38
26/01/2018,146.39
27/01/2018,149.78
28/01/2018,148.73
29/01/2018,151.34
30/01/2018,153.51
31/01/2018,153.09
01/02/2018,153.09
02/02/2018,152.77
03/02/2018,153.13
04/02/2018,146.05
05/02/2018,151.92
06/02/2018,154.94
07/02/2018,154.89
08/02/2018,154.83
09/02/2018,155.43
10/02/2018,152.21
11/02/2018,145.84
12/02/2018,146.74
13/02/2018,145.79
14/02/2018,148.63
15/02/2018,150.85
16/02/2018,150.87
17/02/2018,155.05
18/02/2018,145.36
19/02/2018,150.97
20/02/2018,152.84
21/02/2018,154.62
22/02/2018,150.87
23/02/2018,154.33
24/02/2018,152.46
25/02/2018,146.91
26/02/2018,154.18
27/02/2018,156.04
28/02/2018,157.23
01/03/2018,152.58
02/03/2018,140.47
03/03/2018,146.84
04/03/2018,145.03
05/03/2018,153.47
06/03/2018,155.29
07/03/2018,156.7
08/03/2018,155.45
09/03/2018,155.15
10/03/2018,155.7
11/03/2018,150.33
12/03/2018,157.35
13/03/2018,157.5
14/03/2018,157.49
15/03/2018,156.81
16/03/2018,152.5
17/03/2018,154
18/03/2018,145.63
19/03/2018,155.18
20/03/2018,156.54
21/03/2018,155.03
22/03/2018,157.81
23/03/2018,159.89
24/03/2018,158.84
25/03/2018,148
26/03/2018,159.06
27/03/2018,159.51
28/03/2018,160.45
29/03/2018,160.39
30/03/2018,153.31
31/03/2018,152.3
01/04/2018,142.61
02/04/2018,154.41
03/04/2018,158.93
04/04/2018,158.88
05/04/2018,158.18
06/04/2018,151.01
07/04/2018,149.32
08/04/2018,148.62
09/04/2018,149.75
10/04/2018,153.53
11/04/2018,151.16
12/04/2018,153.74
13/04/2018,157.09
14/04/2018,153.21
15/04/2018,147.45
16/04/2018,159.22
17/04/2018,156.42
18/04/2018,161.23
19/04/2018,161.81
20/04/2018,157.64
21/04/2018,159.95
22/04/2018,154.6
23/04/2018,159.6
24/04/2018,158.78
25/04/2018,161.24
26/04/2018,158.17
27/04/2018,161.32
28/04/2018,158.31
29/04/2018,156.08
30/04/2018,155.29
01/05/2018,154.87
02/05/2018,152.1
03/05/2018,151.34
04/05/2018,158.89
05/05/2018,159.18
06/05/2018,157.03
07/05/2018,160.6
08/05/2018,159.03
09/05/2018,156.01
10/05/2018,156.64
11/05/2018,158.56
12/05/2018,158.26
13/05/2018,154.46
14/05/2018,153.68
15/05/2018,159.03
16/05/2018,158.96
17/05/2018,160.17
18/05/2018,161.79
19/05/2018,162.46
20/05/2018,162.22
21/05/2018,167.67
22/05/2018,170.12
23/05/2018,167.83
24/05/2018,168.67
25/05/2018,165.77
26/05/2018,165.73
27/05/2018,164.62
28/05/2018,169.16
29/05/2018,170.32
30/05/2018,170.9
31/05/2018,168.27
01/06/2018,166.42
02/06/2018,161.43
03/06/2018,160.21
04/06/2018,167.36
05/06/2018,166.1
06/06/2018,167.05
07/06/2018,167.27
08/06/2018,163.76
09/06/2018,158.83
10/06/2018,155.14
11/06/2018,163.57
12/06/2018,164.06
13/06/2018,165.71
14/06/2018,167.6
15/06/2018,166.9
16/06/2018,164
17/06/2018,159.73
18/06/2018,162.98
19/06/2018,166.33
20/06/2018,169
21/06/2018,168.02
22/06/2018,170.24
23/06/2018,168.08
24/06/2018,164.33
25/06/2018,165.13
26/06/2018,164.72
27/06/2018,159.58
28/06/2018,154.48
29/06/2018,157.05
30/06/2018,160.44
01/07/2018,157.45
02/07/2018,160.36
03/07/2018,159.81
04/07/2018,160.33
05/07/2018,163.42
06/07/2018,165.38
07/07/2018,165.61
08/07/2018,161.64
09/07/2018,166.13
10/07/2018,167.87
11/07/2018,164.17
12/07/2018,164.67
13/07/2018,158.78
14/07/2018,159.65
15/07/2018,157.31
16/07/2018,160.58
17/07/2018,163.17
18/07/2018,162.91
19/07/2018,164.71
20/07/2018,162.64
21/07/2018,157.86
22/07/2018,149.97
23/07/2018,159.48
24/07/2018,164.97
25/07/2018,158.98
26/07/2018,156.61
27/07/2018,155.37
28/07/2018,160.07
29/07/2018,158.03
30/07/2018,167.17
31/07/2018,167.13
01/08/2018,168.06
02/08/2018,168.26
03/08/2018,169.78
04/08/2018,169.59
05/08/2018,162.56
06/08/2018,167.55
07/08/2018,162.93
08/08/2018,161.95
09/08/2018,167.34
10/08/2018,170.27
11/08/2018,166.16
12/08/2018,159.47
13/08/2018,165.47
14/08/2018,168.28
15/08/2018,158.28
16/08/2018,163.39
17/08/2018,163.92
18/08/2018,163.45
19/08/2018,155.76
20/08/2018,162.8
21/08/2018,166.33
22/08/2018,164.89
23/08/2018,165.23
24/08/2018,165.28
25/08/2018,163.77
26/08/2018,151.72
27/08/2018,161.28
28/08/2018,163.04
29/08/2018,166.08
30/08/2018,166.52
31/08/2018,167
01/09/2018,164.49
02/09/2018,151.13
03/09/2018,157.14
04/09/2018,163.29
05/09/2018,166.21
06/09/2018,162.8
07/09/2018,162.53
08/09/2018,163.31
09/09/2018,155.87
10/09/2018,164.38
11/09/2018,169.53
12/09/2018,169.15
13/09/2018,166.96
14/09/2018,173.17
15/09/2018,171.84
16/09/2018,167.57
17/09/2018,169.99
18/09/2018,175.59
19/09/2018,172.09
20/09/2018,171.11
21/09/2018,164.88
22/09/2018,158.01
23/09/2018,151.25
24/09/2018,159.35
25/09/2018,163.36
26/09/2018,164.8
27/09/2018,166.57
28/09/2018,165.43
29/09/2018,168
30/09/2018,161.87
01/10/2018,167.66
02/10/2018,164.74
03/10/2018,170.68
04/10/2018,169.25
05/10/2018,168.91
06/10/2018,170.33
07/10/2018,163.81
08/10/2018,168.8
09/10/2018,170.05
10/10/2018,170.64
11/10/2018,166.66
12/10/2018,168.87
13/10/2018,167.53
14/10/2018,159.95
15/10/2018,168.74
16/10/2018,167.16
17/10/2018,162.61
18/10/2018,157.08
19/10/2018,154.88
20/10/2018,161.83
21/10/2018,155.52
22/10/2018,163.26
23/10/2018,164.75
24/10/2018,163.95
25/10/2018,165.8
26/10/2018,165.17
27/10/2018,163.38
28/10/2018,154.87
29/10/2018,162.34
30/10/2018,163.66
31/10/2018,164.08
01/11/2018,161.66
02/11/2018,161.85
03/11/2018,159.81
04/11/2018,153.24
05/11/2018,160.64
06/11/2018,153.6
07/11/2018,142.34
08/11/2018,140.94
09/11/2018,140.94
10/11/2018,150.06
11/11/2018,147.77
12/11/2018,155.71
13/11/2018,156.44
14/11/2018,156.73
15/11/2018,157.7
16/11/2018,155.43
17/11/2018,154.55
18/11/2018,145.38
19/11/2018,155.78
20/11/2018,156.2
21/11/2018,155.57
22/11/2018,155.9
23/11/2018,153.22
24/11/2018,154.25
25/11/2018,145.62
26/11/2018,155.29
27/11/2018,155.88
28/11/2018,155.66
29/11/2018,155.26
30/11/2018,154.25
01/12/2018,153.35
02/12/2018,146.48
03/12/2018,154.66
04/12/2018,156.48
05/12/2018,155.59
06/12/2018,155.03
07/12/2018,153.99
08/12/2018,156.94
09/12/2018,149.11
10/12/2018,156
11/12/2018,158.18
12/12/2018,156.34
13/12/2018,155.73
14/12/2018,156
15/12/2018,157.2
16/12/2018,149.98
17/12/2018,153.61
18/12/2018,154.27
19/12/2018,155.28
20/12/2018,157.41
21/12/2018,158.16
22/12/2018,157.45
23/12/2018,152.63
24/12/2018,157.64
25/12/2018,156.79
26/12/2018,160.31
27/12/2018,162.02
28/12/2018,162.66
29/12/2018,158.1
30/12/2018,155.38
31/12/2018,160.03
01/01/2019,158.84
02/01/2019,157.26
03/01/2019,159.43
04/01/2019,160.84
05/01/2019,158.7
06/01/2019,153.91
07/01/2019,157.48
08/01/2019,160.05
09/01/2019,160.47
10/01/2019,159.57
11/01/2019,160.94
12/01/2019,159.86
13/01/2019,155.44
14/01/2019,157.55
15/01/2019,157.72
16/01/2019,158.22
17/01/2019,161.42
18/01/2019,162.43
19/01/2019,159.89
20/01/2019,155.41
21/01/2019,159.83
22/01/2019,155.24
23/01/2019,157.45
24/01/2019,156.94
25/01/2019,155.45
26/01/2019,145.67
27/01/2019,148.38
28/01/2019,153.86
29/01/2019,155.7
30/01/2019,158.04
31/01/2019,158.09
01/02/2019,159.54
02/02/2019,159.07
03/02/2019,153.55
04/02/2019,159.03
05/02/2019,161.67
06/02/2019,161.12
07/02/2019,154.76
08/02/2019,156.48
09/02/2019,155.34
10/02/2019,149.7
11/02/2019,156.04
12/02/2019,159.05
13/02/2019,159.39
14/02/2019,156.21
15/02/2019,156.39
16/02/2019,155.12
17/02/2019,151.5
18/02/2019,157.59
19/02/2019,159.73
20/02/2019,157.02
21/02/2019,159.31
22/02/2019,160.92
23/02/2019,159.63
24/02/2019,153.97
25/02/2019,159.35
26/02/2019,159.35
27/02/2019,157.9
28/02/2019,159.06
01/03/2019,158.64
02/03/2019,158.03
03/03/2019,148.35
04/03/2019,158.57
05/03/2019,157.79
06/03/2019,158.81
07/03/2019,159.72
08/03/2019,161.64
09/03/2019,158.67
10/03/2019,152.77
11/03/2019,160.65
12/03/2019,161.88
13/03/2019,162.01
14/03/2019,161.47
15/03/2019,159.87
16/03/2019,161.97
17/03/2019,154.54
18/03/2019,162.22
19/03/2019,163.49
20/03/2019,160.81
21/03/2019,144.78
22/03/2019,154.82
23/03/2019,159.22
24/03/2019,155.78
25/03/2019,163.02
26/03/2019,163.41
27/03/2019,165.5
28/03/2019,165.62
29/03/2019,168.75
30/03/2019,168.22
31/03/2019,155.84
01/04/2019,165.6
02/04/2019,168.33
03/04/2019,170.83
04/04/2019,168.67
05/04/2019,165.17
06/04/2019,159.09
07/04/2019,152.07
08/04/2019,162.85
09/04/2019,162.95
10/04/2019,170.52
11/04/2019,167.45
12/04/2019,169.05
13/04/2019,167.79
14/04/2019,164.39
15/04/2019,166.81
16/04/2019,156.66
17/04/2019,154.54
18/04/2019,157.4
19/04/2019,158.45
20/04/2019,159.42
21/04/2019,153.04
22/04/2019,163.39
23/04/2019,167.67
24/04/2019,173.32
25/04/2019,174.39
26/04/2019,176.49
27/04/2019,176.23
28/04/2019,174.34
29/04/2019,176.81
30/04/2019,174.4
01/05/2019,171
02/05/2019,167.89
03/05/2019,164.21
04/05/2019,166.59
05/05/2019,168.62
06/05/2019,174.53
07/05/2019,174.17
08/05/2019,177.68
09/05/2019,178.2
10/05/2019,175.49
11/05/2019,175.42
12/05/2019,171.65
13/05/2019,175.26
14/05/2019,175.06
15/05/2019,171.48
16/05/2019,174.92
17/05/2019,170.6
18/05/2019,171.96
19/05/2019,168.86
20/05/2019,176.87
21/05/2019,177.22
22/05/2019,180.19
23/05/2019,181
24/05/2019,175.28
25/05/2019,172.29
26/05/2019,171.71
27/05/2019,181.05
28/05/2019,179
29/05/2019,181.8
30/05/2019,182.61
31/05/2019,178.13
01/06/2019,181.05
02/06/2019,178.28
03/06/2019,174.93
04/06/2019,181.52
05/06/2019,179.39
06/06/2019,175.99
07/06/2019,176.32
08/06/2019,176.47
09/06/2019,175.07
10/06/2019,178.35
11/06/2019,182.31
12/06/2019,177.63
13/06/2019,178.96
14/06/2019,182.59
15/06/2019,178.9
16/06/2019,173.77
17/06/2019,171.23
18/06/2019,175.45
19/06/2019,175.4
20/06/2019,174.82
21/06/2019,175.95
22/06/2019,173.3
23/06/2019,170.11
24/06/2019,172.96
25/06/2019,177.64
26/06/2019,177.1
27/06/2019,177.04
28/06/2019,175.8
29/06/2019,173.15
30/06/2019,166.56
01/07/2019,171.28
02/07/2019,171.46
03/07/2019,175.16
04/07/2019,171.31
05/07/2019,167.56
06/07/2019,165.98
07/07/2019,161.58
08/07/2019,170.46
09/07/2019,167.48
10/07/2019,167.61
11/07/2019,169.7
12/07/2019,170.97
13/07/2019,170.97
14/07/2019,163.31
15/07/2019,166.03
16/07/2019,168.97
17/07/2019,171.73
18/07/2019,169.6
19/07/2019,169.78
20/07/2019,169.2
21/07/2019,163.85
22/07/2019,171.01
23/07/2019,171.56
24/07/2019,172.16
25/07/2019,163.75
26/07/2019,160.63
27/07/2019,156.02
28/07/2019,152.57
29/07/2019,162.08
30/07/2019,162.8
31/07/2019,167.28
01/08/2019,164.9
02/08/2019,163.65
03/08/2019,160.84
04/08/2019,158.32
05/08/2019,165.39
06/08/2019,161.31
07/08/2019,160.62
08/08/2019,158.93
09/08/2019,161.64
10/08/2019,162.12
11/08/2019,158.52
12/08/2019,164.87
13/08/2019,165.73
14/08/2019,163.17
15/08/2019,152.66
16/08/2019,160.39
17/08/2019,154.04
18/08/2019,148.06
19/08/2019,160.33
20/08/2019,163.95
21/08/2019,166.75
22/08/2019,166.29
23/08/2019,168.31
24/08/2019,163.16
25/08/2019,156.24
26/08/2019,168
27/08/2019,172.7
28/08/2019,173.93
29/08/2019,177.8
30/08/2019,174.46
31/08/2019,172.54
01/09/2019,161.87
02/09/2019,163.08
03/09/2019,167.49
04/09/2019,168.01
05/09/2019,170.45
06/09/2019,171.56
07/09/2019,166.91
08/09/2019,161.62
09/09/2019,173.16
10/09/2019,171.08
11/09/2019,170.35
12/09/2019,165.55
13/09/2019,170.48
14/09/2019,171.05
15/09/2019,163.33
16/09/2019,171.88
17/09/2019,168.18
18/09/2019,168.87
19/09/2019,166.24
20/09/2019,167.26
21/09/2019,165.68
22/09/2019,157.04
23/09/2019,165.02
24/09/2019,163.74
25/09/2019,160.24
26/09/2019,158.01
27/09/2019,156.1
28/09/2019,147.06
29/09/2019,138.89
30/09/2019,146.84
01/10/2019,153.45
02/10/2019,150.5
03/10/2019,154.66
04/10/2019,157.67
05/10/2019,155.86
06/10/2019,146.16
07/10/2019,148.98
08/10/2019,137.71
09/10/2019,154.6
10/10/2019,158.88
11/10/2019,160.77
12/10/2019,159.76
13/10/2019,151.08
14/10/2019,164.26
15/10/2019,163.9
16/10/2019,163.62
17/10/2019,164.04
18/10/2019,159.75
19/10/2019,156.64
20/10/2019,145.56
21/10/2019,151.07
22/10/2019,153.15
23/10/2019,152
24/10/2019,150.24
25/10/2019,148.44
26/10/2019,140.25
27/10/2019,124.79
28/10/2019,128.02
29/10/2019,134.3
30/10/2019,140.78
31/10/2019,143.53
01/11/2019,144.84
02/11/2019,144.65
03/11/2019,144.65
04/11/2019,151.23
05/11/2019,152.32
06/11/2019,152.78
07/11/2019,147.16
08/11/2019,148.01
09/11/2019,147.53
10/11/2019,139.44
11/11/2019,150.55
12/11/2019,152.56
13/11/2019,151.56
14/11/2019,151.12
15/11/2019,152.24
16/11/2019,153.02
17/11/2019,141.64
18/11/2019,154
19/11/2019,155.58
20/11/2019,154.42
21/11/2019,153.79
22/11/2019,155.35
23/11/2019,153.02
24/11/2019,142.63
25/11/2019,155.32
26/11/2019,153.37
27/11/2019,152.67
28/11/2019,151.82
29/11/2019,152.11
30/11/2019,150.29
01/12/2019,139.32
02/12/2019,148.42
03/12/2019,150.54
04/12/2019,152.49
05/12/2019,152.51
06/12/2019,153.03
07/12/2019,152.49
08/12/2019,144.91
09/12/2019,152.93
10/12/2019,155.85
11/12/2019,156.47
12/12/2019,155.12
13/12/2019,149.58
14/12/2019,150.45
15/12/2019,143.87
16/12/2019,151.94
17/12/2019,155.45
18/12/2019,155.99
19/12/2019,158.77
20/12/2019,162.82
21/12/2019,162.03
22/12/2019,158.39
23/12/2019,165.9
24/12/2019,167.93
25/12/2019,164.69
26/12/2019,170.49
27/12/2019,168.92
28/12/2019,165.64
29/12/2019,160.08
30/12/2019,166.51
31/12/2019,169.36
01/01/2020,165.21
02/01/2020,165.22
03/01/2020,164.61
04/01/2020,163.49
05/01/2020,158.31
06/01/2020,165.75
07/01/2020,165.37
08/01/2020,159.71
09/01/2020,163.03
10/01/2020,165.58
11/01/2020,164.11
12/01/2020,161.09
13/01/2020,165.72
14/01/2020,163.37
15/01/2020,162.17
16/01/2020,157.26
17/01/2020,162.87
18/01/2020,161.54
19/01/2020,159.67
20/01/2020,166.53
21/01/2020,169.47
22/01/2020,168.6
23/01/2020,169.2
24/01/2020,169.34
25/01/2020,170.77
26/01/2020,160.82
27/01/2020,168.68
28/01/2020,171.06
29/01/2020,167.9
30/01/2020,170.36
31/01/2020,170.72
01/02/2020,168.67
02/02/2020,164
03/02/2020,170.52
04/02/2020,171.09
05/02/2020,171.23
06/02/2020,174.1
07/02/2020,174.66
08/02/2020,173.22
09/02/2020,165.21
10/02/2020,171.21
11/02/2020,172.75
12/02/2020,173.37
13/02/2020,173.97
14/02/2020,172.97
15/02/2020,171.15
16/02/2020,168.24
17/02/2020,173.76
18/02/2020,176.58
19/02/2020,176.05
20/02/2020,174.99
21/02/2020,174.55
22/02/2020,171.38
23/02/2020,166.95
24/02/2020,173.82
25/02/2020,172.41
26/02/2020,171.06
27/02/2020,173
28/02/2020,174.63
29/02/2020,171.32
01/03/2020,156.93
02/03/2020,166.82
03/03/2020,170.17
04/03/2020,168.89
05/03/2020,167.39
06/03/2020,160.83
07/03/2020,158.89
08/03/2020,153.46
09/03/2020,159.23
10/03/2020,144.1
11/03/2020,151.41
12/03/2020,157.72
13/03/2020,160.14
14/03/2020,158.67
15/03/2020,153.06
16/03/2020,162.78
17/03/2020,164.41
18/03/2020,164.44
19/03/2020,163.7
20/03/2020,163.73
21/03/2020,161.75
22/03/2020,135.2
23/03/2020,145.5
24/03/2020,135.94
25/03/2020,127.97
26/03/2020,120.31
27/03/2020,115.23
28/03/2020,117.76
29/03/2020,120.18
30/03/2020,120.79
31/03/2020,123.09
01/04/2020,123.31
02/04/2020,125.82
03/04/2020,125.93
04/04/2020,125.11
05/04/2020,124.44
06/04/2020,123.2
07/04/2020,121.74
08/04/2020,119.83
09/04/2020,118.59
10/04/2020,121.38
11/04/2020,124.33
12/04/2020,124.87
13/04/2020,129.24
14/04/2020,131.68
15/04/2020,129.43
16/04/2020,132.45
17/04/2020,129.95
18/04/2020,126.73
19/04/2020,129.47
20/04/2020,126.19
21/04/2020,126.26
22/04/2020,129.99
23/04/2020,127.36
24/04/2020,130.03
25/04/2020,127.19
26/04/2020,123.65
27/04/2020,125.96
28/04/2020,128.22
29/04/2020,131.36
30/04/2020,132.78
01/05/2020,131.14
02/05/2020,134.7
03/05/2020,130.61
04/05/2020,135.07
05/05/2020,134.9
06/05/2020,137.22
07/05/2020,138.61
08/05/2020,143.33
09/05/2020,146.03
10/05/2020,142.52
11/05/2020,143.19
12/05/2020,145.6
13/05/2020,146.54
14/05/2020,145.66
15/05/2020,150.34
16/05/2020,149.01
17/05/2020,146.25
18/05/2020,150.33
19/05/2020,149.92
20/05/2020,144.71
21/05/2020,151.57
22/05/2020,155.37
23/05/2020,160.1
24/05/2020,159.88
25/05/2020,163.8
26/05/2020,166.42
27/05/2020,164.01
28/05/2020,160.31
29/05/2020,156.57
30/05/2020,153.47
31/05/2020,140.05
01/06/2020,144.5
02/06/2020,144.3
03/06/2020,142.08
04/06/2020,138.28
05/06/2020,139.64
06/06/2020,146.53
07/06/2020,143.65
08/06/2020,153.13
09/06/2020,158.43
10/06/2020,161.18
11/06/2020,163.3
12/06/2020,158.03
13/06/2020,157.79
14/06/2020,156.89
15/06/2020,162.36
16/06/2020,163.17
17/06/2020,162.42
18/06/2020,163.19
19/06/2020,164.64
20/06/2020,162.61
21/06/2020,157.58
22/06/2020,162.24
23/06/2020,164.95
24/06/2020,163.56
25/06/2020,162.07
26/06/2020,163.74
27/06/2020,164.53
28/06/2020,160.85
29/06/2020,163.92
30/06/2020,164.64
01/07/2020,166.78
02/07/2020,170.55
03/07/2020,168.35
04/07/2020,160.83
05/07/2020,148.87
06/07/2020,154.49
07/07/2020,155.23
08/07/2020,156.39
09/07/2020,162.37
10/07/2020,157.75
11/07/2020,159.58
12/07/2020,152.2
13/07/2020,159.78
14/07/2020,161.76
15/07/2020,160.65
16/07/2020,161.14
17/07/2020,163.72
18/07/2020,165.72
19/07/2020,160.14
20/07/2020,157.06
21/07/2020,156.25
22/07/2020,156.25
23/07/2020,159.65
24/07/2020,160.25
25/07/2020,159.9
26/07/2020,161.79
27/07/2020,168.91
28/07/2020,169.22
29/07/2020,166.22
30/07/2020,164.36
31/07/2020,167.51
01/08/2020,163.28
02/08/2020,160.99
03/08/2020,160.34
04/08/2020,159.92
05/08/2020,158.56
06/08/2020,160.11
07/08/2020,166.02
08/08/2020,167.5
09/08/2020,160.31
10/08/2020,164.37
11/08/2020,163.72
12/08/2020,160.77
13/08/2020,156.61
14/08/2020,158.36
15/08/2020,147.47
16/08/2020,152.95
17/08/2020,164.41
18/08/2020,159.8
19/08/2020,155.57
20/08/2020,150.35
21/08/2020,150.36
22/08/2020,148.77
23/08/2020,147.55
24/08/2020,158.48
25/08/2020,162.2
26/08/2020,162.74
27/08/2020,161.66
28/08/2020,159.96
29/08/2020,161.46
30/08/2020,152.88
31/08/2020,162.87
01/09/2020,162.84
02/09/2020,162.61
03/09/2020,165.24
04/09/2020,167.27
05/09/2020,165.56
06/09/2020,158.27
07/09/2020,169.06
08/09/2020,172.68
09/09/2020,174.33
10/09/2020,173.5
11/09/2020,173.22
12/09/2020,171.98
13/09/2020,165.73
14/09/2020,172.5
15/09/2020,173.54
16/09/2020,174.46
17/09/2020,172.37
18/09/2020,176.57
19/09/2020,174.36
20/09/2020,164.17
21/09/2020,172.78
22/09/2020,171.19
23/09/2020,169.57
24/09/2020,170.41
25/09/2020,169.32
26/09/2020,167.68
27/09/2020,160.62
28/09/2020,168.39
29/09/2020,169.29
30/09/2020,167.41
01/10/2020,167.82
02/10/2020,161.07
03/10/2020,167.34
04/10/2020,158.59
05/10/2020,166.68
06/10/2020,166.83
07/10/2020,170.05
08/10/2020,169.9
09/10/2020,168.62
10/10/2020,167.14
11/10/2020,156.48
12/10/2020,163.18
13/10/2020,166.52
14/10/2020,166.07
15/10/2020,166.93
16/10/2020,166.77
17/10/2020,166.05
18/10/2020,155.67
19/10/2020,164.74
20/10/2020,163.35
21/10/2020,161.91
22/10/2020,161.1
23/10/2020,159.35
24/10/2020,153.98
25/10/2020,140.37
26/10/2020,152.72
27/10/2020,156.97
28/10/2020,160.28
29/10/2020,159.2
30/10/2020,158.39
31/10/2020,157.8
01/11/2020,150.42
02/11/2020,160.24
03/11/2020,160.78
04/11/2020,160.09
05/11/2020,159.4
06/11/2020,158.29
07/11/2020,159.69
08/11/2020,151.33
09/11/2020,159.43
10/11/2020,159.89
11/11/2020,159.8
12/11/2020,159.53
13/11/2020,157.2
14/11/2020,140.06
15/11/2020,134.18
16/11/2020,137.55
17/11/2020,148.5
18/11/2020,152.37
19/11/2020,151.98
20/11/2020,154.06
21/11/2020,154.91
22/11/2020,150.48
23/11/2020,158.1
24/11/2020,157.05
25/11/2020,157.56
26/11/2020,152.49
27/11/2020,157.29
28/11/2020,155.8
29/11/2020,153.09
30/11/2020,158.78
01/12/2020,159.46
02/12/2020,162.47
03/12/2020,164.07
04/12/2020,164.45
05/12/2020,162.35
06/12/2020,156.92
07/12/2020,162.58
08/12/2020,163.94
09/12/2020,164.73
10/12/2020,165.42
11/12/2020,163.48
12/12/2020,156.34
13/12/2020,155.29
14/12/2020,164.23
15/12/2020,166.33
16/12/2020,164.11
17/12/2020,171.29
18/12/2020,173.09
19/12/2020,171.64
20/12/2020,166.63
21/12/2020,175.09
22/12/2020,177.12
23/12/2020,178.11
24/12/2020,179.23
25/12/2020,181.41
26/12/2020,179.53
27/12/2020,172.94
28/12/2020,180.79
29/12/2020,177.82
30/12/2020,182.89
31/12/2020,177.63
01/01/2021,178.89
02/01/2021,173.93
03/01/2021,166.79
04/01/2021,173.73
05/01/2021,170.63
06/01/2021,169.52
07/01/2021,168.95
08/01/2021,171.15
09/01/2021,164.09
10/01/2021,162.34
11/01/2021,174.64
12/01/2021,177.5
13/01/2021,176.52
14/01/2021,172.04
15/01/2021,171.87
16/01/2021,173.96
17/01/2021,171.81
18/01/2021,178.94
19/01/2021,180.12
20/01/2021,185.82
21/01/2021,185.71
22/01/2021,187.3
23/01/2021,186.51
24/01/2021,181.01
25/01/2021,186.08
26/01/2021,177.17
27/01/2021,186.21
28/01/2021,188.45
29/01/2021,188.33
30/01/2021,189.64
31/01/2021,184.23
01/02/2021,187.71
02/02/2021,188.15
03/02/2021,188.12
04/02/2021,183.81
05/02/2021,184.34
06/02/2021,184.42
07/02/2021,178.84
08/02/2021,184.34
09/02/2021,186.59
10/02/2021,187.63
11/02/2021,184.71
12/02/2021,185.24
13/02/2021,181.86
14/02/2021,177.54
15/02/2021,183.08
16/02/2021,183.9
17/02/2021,180.61
18/02/2021,179.64
19/02/2021,176.41
20/02/2021,175.05
21/02/2021,168.53
22/02/2021,176.07
23/02/2021,178.21
24/02/2021,179.43
25/02/2021,180.01
26/02/2021,183.68
27/02/2021,179.57
28/02/2021,173.22
01/03/2021,182.65
02/03/2021,182.94
03/03/2021,182.14
04/03/2021,182.53
05/03/2021,184.18
06/03/2021,182.66
07/03/2021,175.17
08/03/2021,181.68
09/03/2021,184.64
10/03/2021,185.2
11/03/2021,186.04
12/03/2021,179.24
13/03/2021,172.84
14/03/2021,170.6
15/03/2021,181.26
16/03/2021,182.12
17/03/2021,185.3
18/03/2021,184.21
19/03/2021,183
20/03/2021,180.97
21/03/2021,173.65
22/03/2021,179.86
23/03/2021,176.17
24/03/2021,178.79
25/03/2021,181.26
26/03/2021,183
27/03/2021,182.46
28/03/2021,175.24
29/03/2021,159.81
30/03/2021,174.48
31/03/2021,175.49
01/04/2021,177.21
02/04/2021,177.75
03/04/2021,178.56
04/04/2021,173.44
05/04/2021,178.89
06/04/2021,180.1
07/04/2021,181.06
08/04/2021,182.56
09/04/2021,178.38
10/04/2021,178.58
11/04/2021,170.28
12/04/2021,177.69
13/04/2021,176.75
14/04/2021,174.67
15/04/2021,174.07
16/04/2021,173.57
17/04/2021,172.62
18/04/2021,169.54
19/04/2021,177.1
20/04/2021,174.17
21/04/2021,170.8
22/04/2021,166.77
23/04/2021,166.21
24/04/2021,169.66
25/04/2021,165.32
26/04/2021,172.59
27/04/2021,173.49
28/04/2021,176.26
29/04/2021,177.69
30/04/2021,175.9
01/05/2021,166.79
02/05/2021,161.15
03/05/2021,167.13
04/05/2021,168.12
05/05/2021,168.02
06/05/2021,168.78
07/05/2021,164.66
08/05/2021,166.88
09/05/2021,161.95
10/05/2021,164.51
11/05/2021,162.52
12/05/2021,158.51
13/05/2021,156.42
14/05/2021,157.26
15/05/2021,155.73
16/05/2021,150.29
17/05/2021,153.64
18/05/2021,146.86
19/05/2021,137.22
20/05/2021,145.08
21/05/2021,148.8
22/05/2021,150.73
23/05/2021,151.78
24/05/2021,157.15
25/05/2021,153.68
26/05/2021,156.17
27/05/2021,156.4
28/05/2021,160.69
29/05/2021,164.03
30/05/2021,160.77
31/05/2021,165.85
01/06/2021,158.19
02/06/2021,160.46
03/06/2021,162.84
04/06/2021,162.7
05/06/2021,158.4
06/06/2021,160.14
07/06/2021,168.73
08/06/2021,172.83
09/06/2021,174.09
10/06/2021,170.82
11/06/2021,169.68
12/06/2021,164.11
13/06/2021,161.44
14/06/2021,167.18
15/06/2021,166.86
16/06/2021,166.48
17/06/2021,164.68
18/06/2021,163.32
19/06/2021,159.67
20/06/2021,158.58
21/06/2021,170.16
22/06/2021,177.02
23/06/2021,179.55
24/06/2021,174.59
25/06/2021,177.53
26/06/2021,176.89
27/06/2021,173.28
28/06/2021,181.82
29/06/2021,187.96
30/06/2021,191.51
01/07/2021,190.49
02/07/2021,188.58
03/07/2021,187.21
04/07/2021,181.59
05/07/2021,192.17
06/07/2021,197.08
07/07/2021,200.57
08/07/2021,189.9
09/07/2021,187.56
10/07/2021,184.39
11/07/2021,179.85
12/07/2021,176.85
13/07/2021,175.13
14/07/2021,174.21
15/07/2021,181.64
16/07/2021,184.57
17/07/2021,184.82
18/07/2021,178.92
19/07/2021,170.43
20/07/2021,166.53
21/07/2021,169.37
22/07/2021,171.49
23/07/2021,172.81
24/07/2021,175.26
25/07/2021,170.57
26/07/2021,179.09
27/07/2021,174.15
28/07/2021,165.09
29/07/2021,166.92
30/07/2021,166.3
31/07/2021,166.35
01/08/2021,157.72
02/08/2021,172.19
03/08/2021,175.14
04/08/2021,178.64
05/08/2021,184.31
06/08/2021,186.95
07/08/2021,188.6
08/08/2021,179.28
09/08/2021,188.88
10/08/2021,190.44
11/08/2021,191.69
12/08/2021,194.7
13/08/2021,196.15
14/08/2021,193.04
15/08/2021,183.89
16/08/2021,196.25
17/08/2021,195.06
18/08/2021,193.87
19/08/2021,193.78
20/08/2021,186.58
21/08/2021,175.7
22/08/2021,162.93
23/08/2021,180.23
24/08/2021,186.45
25/08/2021,188.92
26/08/2021,190.48
27/08/2021,191.57
28/08/2021,185.86
29/08/2021,173.83
30/08/2021,176.47
31/08/2021,176.77
01/09/2021,177.02
02/09/2021,177.7
03/09/2021,176.4
04/09/2021,176.81
05/09/2021,169
06/09/2021,176.7
07/09/2021,174.88
08/09/2021,177.21
09/09/2021,176.46
10/09/2021,167.78
11/09/2021,166.65
12/09/2021,160.7
13/09/2021,167.15
14/09/2021,164.91
15/09/2021,168.65
16/09/2021,167.24
17/09/2021,167.63
18/09/2021,171.39
19/09/2021,169.42
20/09/2021,180.75
21/09/2021,175.95
22/09/2021,171.41
23/09/2021,170.03
24/09/2021,168.4
25/09/2021,171.62
26/09/2021,162.88
27/09/2021,170.46
28/09/2021,171.53
29/09/2021,172.48
30/09/2021,172.18
01/10/2021,169.6
02/10/2021,164.96
03/10/2021,161.63
04/10/2021,170.35
05/10/2021,169.87
06/10/2021,170.97
07/10/2021,172.11
08/10/2021,172.42
09/10/2021,170.04
10/10/2021,167.07
11/10/2021,174.6
12/10/2021,174.31
13/10/2021,173.81
14/10/2021,170.34
15/10/2021,161.49
16/10/2021,167.58
17/10/2021,156.24
18/10/2021,165.69
19/10/2021,163.92
20/10/2021,168.06
21/10/2021,169.27
22/10/2021,170.72
23/10/2021,169.38
24/10/2021,157.46
25/10/2021,168.4
26/10/2021,170.23
27/10/2021,169.92
28/10/2021,168.87
29/10/2021,166.83
30/10/2021,167.61
31/10/2021,158.09
01/11/2021,163.22
02/11/2021,163.22
03/11/2021,158.6
04/11/2021,144.8
05/11/2021,139.41
06/11/2021,146.3
07/11/2021,146.28
08/11/2021,155.12
09/11/2021,160.85
10/11/2021,161.81
11/11/2021,161.39
12/11/2021,163.36
13/11/2021,164.88
14/11/2021,156.19
15/11/2021,165.15
16/11/2021,166.19
17/11/2021,164.6
18/11/2021,162.29
19/11/2021,160.55
20/11/2021,160.53
21/11/2021,151
22/11/2021,163.67
23/11/2021,165.68
24/11/2021,164.45
25/11/2021,164.23
26/11/2021,163.35
27/11/2021,163.33
28/11/2021,153.88
29/11/2021,162.64
30/11/2021,163.22
01/12/2021,158.79
02/12/2021,158.7
03/12/2021,159.88
04/12/2021,159.27
05/12/2021,154.8
06/12/2021,164.77
07/12/2021,166.01
08/12/2021,166.69
09/12/2021,168.03
10/12/2021,169.12
11/12/2021,168.3
12/12/2021,161.84
13/12/2021,168.53
14/12/2021,171.08
15/12/2021,170.95
16/12/2021,172.94
17/12/2021,175.15
18/12/2021,174.26
19/12/2021,169.69
20/12/2021,178.05
21/12/2021,180.79
22/12/2021,181.35
23/12/2021,181.38
24/12/2021,183.39
25/12/2021,181.66
26/12/2021,175.61
27/12/2021,181.39
28/12/2021,176.78
29/12/2021,174.63
30/12/2021,177.6
31/12/2021,181.46
01/01/2022,178.87
02/01/2022,170.3
03/01/2022,179.59
04/01/2022,179.4
05/01/2022,177.11
06/01/2022,173.85
07/01/2022,175.13
08/01/2022,165.5
09/01/2022,163.6
10/01/2022,174.72
11/01/2022,176.76
12/01/2022,177.69
13/01/2022,177.92
14/01/2022,174.46
15/01/2022,171.81
16/01/2022,165.81
17/01/2022,179.26
18/01/2022,181.11
19/01/2022,183.91
20/01/2022,188.39
21/01/2022,190.9
22/01/2022,181.59
23/01/2022,170.99
24/01/2022,187.25
25/01/2022,188.86
26/01/2022,181.46
27/01/2022,187.65
28/01/2022,191.79
29/01/2022,190.45
30/01/2022,184.87
31/01/2022,192.08
01/02/2022,192.02
02/02/2022,192.47
03/02/2022,187.31
04/02/2022,189.03
05/02/2022,190.89
06/02/2022,185.82
07/02/2022,192
08/02/2022,191.79
09/02/2022,187.95
10/02/2022,189.31
11/02/2022,189.94
12/02/2022,185.29
13/02/2022,183.37
14/02/2022,190.16
15/02/2022,188.78
16/02/2022,191.22
17/02/2022,190.01
18/02/2022,192.53
19/02/2022,189.7
20/02/2022,185.81
21/02/2022,191.68
22/02/2022,192.06
23/02/2022,189.31
24/02/2022,191.58
25/02/2022,193.65
26/02/2022,188.24
27/02/2022,183.76
28/02/2022,191.3
01/03/2022,192.2
02/03/2022,189.21
03/03/2022,190.1
04/03/2022,192.23
05/03/2022,190.15
06/03/2022,185.23
07/03/2022,192.1
08/03/2022,192.19
09/03/2022,192.03
10/03/2022,192.71
11/03/2022,194.6
12/03/2022,189.96
13/03/2022,185.06
14/03/2022,194.46
15/03/2022,197.01
16/03/2022,198.28
17/03/2022,199.27
18/03/2022,179.91
19/03/2022,189.35
20/03/2022,186.64
21/03/2022,196.97
22/03/2022,194.5
23/03/2022,196.3
24/03/2022,194.51
25/03/2022,194.05
26/03/2022,192.85
27/03/2022,185.07
28/03/2022,196.14
29/03/2022,198.18
30/03/2022,198.97
31/03/2022,199.3
01/04/2022,198.48
02/04/2022,194.05
03/04/2022,182.64
04/04/2022,194.62
05/04/2022,193.72
06/04/2022,195.87
07/04/2022,197.67
08/04/2022,199.58
09/04/2022,196.54
10/04/2022,186.98
11/04/2022,194.44
12/04/2022,197.31
13/04/2022,197.51
14/04/2022,195.95
15/04/2022,192.53
16/04/2022,194.73
17/04/2022,184.78
18/04/2022,195.7
19/04/2022,196.66
20/04/2022,197.24
21/04/2022,197.28
22/04/2022,197
23/04/2022,197.31
24/04/2022,186.92
25/04/2022,199.34
26/04/2022,201.07
27/04/2022,200.65
28/04/2022,204.65
29/04/2022,207.11
30/04/2022,203.95
01/05/2022,191.22
02/05/2022,204.45
03/05/2022,199.49
04/05/2022,197.91
05/05/2022,194.73
06/05/2022,196.86
07/05/2022,199.77
08/05/2022,189.24
09/05/2022,198.05
10/05/2022,194.78
11/05/2022,196.28
12/05/2022,199.87
13/05/2022,199.66
14/05/2022,200.64
15/05/2022,191.25
16/05/2022,201.75
17/05/2022,201.64
18/05/2022,198.05
19/05/2022,199.36
20/05/2022,198
21/05/2022,191.59
22/05/2022,183
23/05/2022,178.2
24/05/2022,182.58
25/05/2022,187
26/05/2022,190.5
27/05/2022,194.23
28/05/2022,196.06
29/05/2022,189.34
30/05/2022,201.79
31/05/2022,204.46
01/06/2022,199.21
02/06/2022,202.28
03/06/2022,203.91
04/06/2022,203.44
05/06/2022,194.68
06/06/2022,202.44
07/06/2022,206.54
08/06/2022,209.81
09/06/2022,210.79
10/06/2022,211.86
11/06/2022,206.8
12/06/2022,192.92
13/06/2022,201.16
14/06/2022,206.07
15/06/2022,203.08
16/06/2022,196.52
17/06/2022,191.9
18/06/2022,185.17
19/06/2022,178.39
20/06/2022,183.85
21/06/2022,182.06
22/06/2022,186.59
23/06/2022,191.68
24/06/2022,192.84
25/06/2022,191.75
26/06/2022,189.18
27/06/2022,201.35
28/06/2022,203.85
29/06/2022,200.4
30/06/2022,187.66
01/07/2022,183.05
02/07/2022,184.22
03/07/2022,180.43
04/07/2022,188.56
05/07/2022,190.39
06/07/2022,186.17
07/07/2022,189.81
08/07/2022,189.76
09/07/2022,180.65
10/07/2022,172.38
11/07/2022,182.82
12/07/2022,184.02
13/07/2022,184.18
14/07/2022,177.94
15/07/2022,181.15
16/07/2022,180.32
17/07/2022,175.02
18/07/2022,182.41
19/07/2022,188.7
20/07/2022,185.66
21/07/2022,181.15
22/07/2022,179.92
23/07/2022,179.21
24/07/2022,171.43
25/07/2022,181.93
26/07/2022,183.13
27/07/2022,182.82
28/07/2022,182.28
29/07/2022,184.54
30/07/2022,182.03
31/07/2022,172.89
01/08/2022,186.02
02/08/2022,188.18
03/08/2022,186.99
04/08/2022,187.72
05/08/2022,185.83
06/08/2022,184.93
07/08/2022,175.85
08/08/2022,184.05
09/08/2022,180.07
10/08/2022,184.6
11/08/2022,174.19
12/08/2022,184.43
13/08/2022,183.85
14/08/2022,173.57
15/08/2022,161.5
16/08/2022,180.99
17/08/2022,189.17
18/08/2022,189.63
19/08/2022,192.74
20/08/2022,185.62
21/08/2022,178.39
22/08/2022,189.17
23/08/2022,191.47
24/08/2022,188.42
25/08/2022,188.84
26/08/2022,194.51
27/08/2022,192.18
28/08/2022,183.22
29/08/2022,193.08
30/08/2022,194.95
31/08/2022,193.92
01/09/2022,196.23
02/09/2022,195.57
03/09/2022,198.6
04/09/2022,188.83
05/09/2022,198.64
06/09/2022,198.61
07/09/2022,199.47
08/09/2022,197.13
09/09/2022,195.31
10/09/2022,190.47
11/09/2022,180.95
12/09/2022,190.76
13/09/2022,190.57
14/09/2022,186.14
15/09/2022,182.33
16/09/2022,183.37
17/09/2022,181.55
18/09/2022,177.66
19/09/2022,188.3
20/09/2022,190.54
21/09/2022,188.01
22/09/2022,185.93
23/09/2022,182.66
24/09/2022,179.95
25/09/2022,172.77
26/09/2022,183.63
27/09/2022,186.14
28/09/2022,189.45
29/09/2022,189.1
30/09/2022,190.69
01/10/2022,186.91
02/10/2022,175.62
03/10/2022,184.92
04/10/2022,182.59
05/10/2022,172.04
06/10/2022,179.72
07/10/2022,177.35
08/10/2022,174.76
09/10/2022,164.03
10/10/2022,173.49
11/10/2022,174.41
12/10/2022,175.55
13/10/2022,175.62
14/10/2022,176.17
15/10/2022,174.08
16/10/2022,164.12
17/10/2022,174.28
18/10/2022,176.04
19/10/2022,176.66
20/10/2022,178.6
21/10/2022,176.88
22/10/2022,171.14
23/10/2022,158.85
24/10/2022,145.48
25/10/2022,154.97
26/10/2022,155.31
27/10/2022,162.74
28/10/2022,167.03
29/10/2022,165.59
30/10/2022,160.27
31/10/2022,170.73
01/11/2022,170.69
02/11/2022,171.41
03/11/2022,173.48
04/11/2022,173.89
05/11/2022,173.16
06/11/2022,167.97
07/11/2022,175.64
08/11/2022,179.56
09/11/2022,178.75
10/11/2022,179.75
11/11/2022,176.9
12/11/2022,173.77
13/11/2022,166.48
14/11/2022,175.99
15/11/2022,176.96
16/11/2022,177.94
17/11/2022,179.12
18/11/2022,180.41
19/11/2022,179.61
20/11/2022,175.23
21/11/2022,182
22/11/2022,182.7
23/11/2022,181.81
24/11/2022,182.48
25/11/2022,186.9
26/11/2022,185.96
27/11/2022,180.85
28/11/2022,186.71
29/11/2022,185.85
30/11/2022,187.38
01/12/2022,185.88
02/12/2022,189.39
03/12/2022,186.67
04/12/2022,181.74
05/12/2022,187.33
06/12/2022,191.44
07/12/2022,191.03
08/12/2022,188.33
09/12/2022,186.52
10/12/2022,181.83
11/12/2022,175.74
12/12/2022,183.49
13/12/2022,184.06
14/12/2022,186.11
15/12/2022,186.11
16/12/2022,188.89
17/12/2022,189.55
18/12/2022,185.9
19/12/2022,193.39
20/12/2022,191.82
21/12/2022,197.5
22/12/2022,199.07
23/12/2022,200.44
24/12/2022,200.24
25/12/2022,193.64
26/12/2022,196.58
27/12/2022,201
28/12/2022,201.52
29/12/2022,202.62
30/12/2022,203.63
31/12/2022,205.03
01/01/2023,195.09
02/01/2023,201.16
03/01/2023,205.25
04/01/2023,203.71
05/01/2023,205.68
06/01/2023,203.59
07/01/2023,203.66
08/01/2023,201.49
09/01/2023,205.15
10/01/2023,205.29
11/01/2023,206.84
12/01/2023,206
13/01/2023,204.65
14/01/2023,202.9
15/01/2023,198.01
16/01/2023,203.04
17/01/2023,206.61
18/01/2023,210.62
19/01/2023,207.69
20/01/2023,208.07
21/01/2023,204.63
22/01/2023,201.94
23/01/2023,203.6
24/01/2023,201.23
25/01/2023,201.67
26/01/2023,189.46
27/01/2023,202.84
28/01/2023,204.14
29/01/2023,191.69
30/01/2023,193.34
31/01/2023,198.17
01/02/2023,199.49
02/02/2023,200.69
03/02/2023,202.76
04/02/2023,203
05/02/2023,198.59
06/02/2023,202.17
07/02/2023,203.94
08/02/2023,204.62
09/02/2023,206.01
10/02/2023,206.02
11/02/2023,204.95
12/02/2023,200.55
13/02/2023,204.99
14/02/2023,203.73
15/02/2023,206.02
16/02/2023,206.13
17/02/2023,209.67
18/02/2023,207.7
19/02/2023,199.14
20/02/2023,205.52
21/02/2023,206.59
22/02/2023,207.22
23/02/2023,207.48
24/02/2023,207.27
25/02/2023,207.1
26/02/2023,199.36
27/02/2023,207.84
28/02/2023,206.5
01/03/2023,205.24
02/03/2023,208.24
03/03/2023,209.02
04/03/2023,208.65
05/03/2023,198.01
06/03/2023,207.39
07/03/2023,191.17
08/03/2023,183.19
09/03/2023,192.74
10/03/2023,201.18
11/03/2023,199.02
12/03/2023,194.92
13/03/2023,206.81
14/03/2023,207.2
15/03/2023,205.61
16/03/2023,199.64
17/03/2023,186.78
18/03/2023,181.72
19/03/2023,163
20/03/2023,174.63
21/03/2023,178.96
22/03/2023,183.66
23/03/2023,188.34
24/03/2023,188.34
25/03/2023,187.6
26/03/2023,180.88
27/03/2023,188.91
28/03/2023,193.96
29/03/2023,194.58
30/03/2023,195.44
31/03/2023,188.21
01/04/2023,180.28
02/04/2023,174.69
03/04/2023,187.73
04/04/2023,189.68
05/04/2023,189
06/04/2023,192.06
07/04/2023,193.28
08/04/2023,189.33
09/04/2023,182.65
10/04/2023,194.54
11/04/2023,197.93
12/04/2023,200.57
13/04/2023,203.55
14/04/2023,206.18
15/04/2023,202.6
16/04/2023,194.98
17/04/2023,210.83
18/04/2023,215.88
19/04/2023,214.92
20/04/2023,211.8
21/04/2023,204.78
22/04/2023,198.27
23/04/2023,184.41
24/04/2023,191.92
25/04/2023,194.37
26/04/2023,195.82
27/04/2023,196.24
28/04/2023,197
29/04/2023,188.8
30/04/2023,173.34
01/05/2023,159.72
02/05/2023,173.21
03/05/2023,172.05
04/05/2023,178.92
05/05/2023,184.36
06/05/2023,185.6
07/05/2023,180.38
08/05/2023,191.66
09/05/2023,196.28
10/05/2023,198.39
11/05/2023,202.89
12/05/2023,207.19
13/05/2023,208.18
14/05/2023,199.38
15/05/2023,212.42
16/05/2023,215.11
17/05/2023,221.08
18/05/2023,213.89
19/05/2023,218.03
20/05/2023,217.16
21/05/2023,207.94
22/05/2023,220.97
23/05/2023,221.35
24/05/2023,210.95
25/05/2023,204.59
26/05/2023,196.39
27/05/2023,194.8
28/05/2023,190.9
29/05/2023,201.43
30/05/2023,196.23
31/05/2023,201.71
01/06/2023,199.48
02/06/2023,206.38
03/06/2023,211.61
04/06/2023,199.06
05/06/2023,213.98
06/06/2023,217.26
07/06/2023,217.84
08/06/2023,222.92
09/06/2023,223.24
10/06/2023,219.3
11/06/2023,206.67
12/06/2023,218.67
13/06/2023,215.35
14/06/2023,214.58
15/06/2023,210.9
16/06/2023,211.96
17/06/2023,211.78
18/06/2023,204.57
19/06/2023,213.66
20/06/2023,214.64
21/06/2023,217.68
22/06/2023,215.23
23/06/2023,215.94
24/06/2023,209.62
25/06/2023,198.68
26/06/2023,193.29
27/06/2023,194.24
28/06/2023,194.22
29/06/2023,190.46
30/06/2023,193.13
01/07/2023,196.14
02/07/2023,194.77
03/07/2023,207.98
04/07/2023,206.3
05/07/2023,198.09
06/07/2023,193.04
07/07/2023,193.7
08/07/2023,185.37
09/07/2023,179.62
10/07/2023,191.86
11/07/2023,193.44
12/07/2023,200.36
13/07/2023,203.21
14/07/2023,205.71
15/07/2023,203.1
16/07/2023,195.67
17/07/2023,204.72
18/07/2023,202.94
19/07/2023,201.84
20/07/2023,205.28
21/07/2023,208.83
22/07/2023,198.79
23/07/2023,196.63
24/07/2023,206
25/07/2023,202.01
26/07/2023,200.4
27/07/2023,202.09
28/07/2023,197.67
29/07/2023,192.76
30/07/2023,195.13
31/07/2023,206.36
01/08/2023,206.58
02/08/2023,202.25
03/08/2023,205.39
04/08/2023,206.27
05/08/2023,207.39
06/08/2023,198.67
07/08/2023,209.86
08/08/2023,215.46
09/08/2023,220.96
10/08/2023,224.84
11/08/2023,228.96
12/08/2023,225.64
13/08/2023,219.38
14/08/2023,227.65
15/08/2023,214.42
16/08/2023,233.03
17/08/2023,234.06
18/08/2023,231.61
19/08/2023,220.72
20/08/2023,214.77
21/08/2023,226.24
22/08/2023,230.04
23/08/2023,216.52
24/08/2023,219
25/08/2023,223.94
26/08/2023,224.11
27/08/2023,217.93
28/08/2023,229.19
29/08/2023,233.77
30/08/2023,233.29
31/08/2023,236.6
01/09/2023,239.98
02/09/2023,238.62
03/09/2023,223.12
04/09/2023,226.23
05/09/2023,222.7
06/09/2023,219.27
07/09/2023,213.34
08/09/2023,209.28
09/09/2023,205.02
10/09/2023,196.4
11/09/2023,210.65
12/09/2023,212.72
13/09/2023,219.07
14/09/2023,221.33
15/09/2023,210.79
16/09/2023,207.99
17/09/2023,188.17
18/09/2023,195.71
19/09/2023,198.94
20/09/2023,206.44
21/09/2023,207.06
22/09/2023,202.02
23/09/2023,198.94
24/09/2023,187.21
25/09/2023,200.91
26/09/2023,206.72
27/09/2023,204.9
28/09/2023,205.48
29/09/2023,206.54
30/09/2023,201.55
01/10/2023,191.32
02/10/2023,190.97
03/10/2023,201.34
04/10/2023,203.44
05/10/2023,207.18
06/10/2023,211.25
07/10/2023,211.53
08/10/2023,210.08
09/10/2023,219.78
10/10/2023,221.63
11/10/2023,220.98
12/10/2023,218.92
13/10/2023,220.36
14/10/2023,215.86
15/10/2023,200.98
16/10/2023,206.83
17/10/2023,200.89
18/10/2023,203.36
19/10/2023,206.74
20/10/2023,209.03
21/10/2023,204.72
22/10/2023,197.04
23/10/2023,199.62
24/10/2023,192.54
25/10/2023,204.24
26/10/2023,206.93
27/10/2023,207.41
28/10/2023,206.6
29/10/2023,197.16
30/10/2023,204.4
31/10/2023,203.83
01/11/2023,203.84
02/11/2023,203.07
03/11/2023,204.61
04/11/2023,201.95
05/11/2023,192.94
06/11/2023,198.57
07/11/2023,196.62
08/11/2023,197
09/11/2023,194.1
10/11/2023,194.38
11/11/2023,184.83
12/11/2023,168.99
13/11/2023,164.06
14/11/2023,173
15/11/2023,179.3
16/11/2023,186.13
17/11/2023,193.83
18/11/2023,195.83
19/11/2023,190.05
20/11/2023,197.07
21/11/2023,197.85
22/11/2023,196.99
23/11/2023,196.28
24/11/2023,198.15
25/11/2023,194.86
26/11/2023,184.2
27/11/2023,177.64
28/11/2023,180.01
29/11/2023,181.44
30/11/2023,177.58
01/12/2023,181.22
02/12/2023,180.65
03/12/2023,174.17
04/12/2023,175.51
05/12/2023,176.48
06/12/2023,182.12
07/12/2023,181.95
08/12/2023,187.68
09/12/2023,185.53
10/12/2023,181.87
11/12/2023,192.31
12/12/2023,195.65
13/12/2023,198.52
14/12/2023,200.56
15/12/2023,202.7
16/12/2023,199.28
17/12/2023,194.91
18/12/2023,203.06
19/12/2023,204.24
20/12/2023,207.43
21/12/2023,206.14
22/12/2023,209.76
23/12/2023,206.82
24/12/2023,201.25
25/12/2023,206.42
26/12/2023,210.02
27/12/2023,212.1
28/12/2023,211.42
29/12/2023,213.62
30/12/2023,209.38
31/12/2023,205.25
01/01/2024,207.95
02/01/2024,209.52
03/01/2024,210.79
04/01/2024,208.04
05/01/2024,210.78
06/01/2024,211.22
07/01/2024,203.05
08/01/2024,204.83
09/01/2024,207.04
10/01/2024,212.12
11/01/2024,215.23
12/01/2024,219.8
13/01/2024,217.65
14/01/2024,207.22
15/01/2024,212.77
16/01/2024,215.18
17/01/2024,214.41
18/01/2024,214.83
19/01/2024,219.64
20/01/2024,218.07
21/01/2024,213.21
22/01/2024,221.33
23/01/2024,217.11
24/01/2024,217.13
25/01/2024,222.33
26/01/2024,215.13
27/01/2024,219.55
28/01/2024,215.89
29/01/2024,222.28
30/01/2024,219.09
31/01/2024,220.09
01/02/2024,211.79
02/02/2024,218.6
03/02/2024,214.11
04/02/2024,206.34
05/02/2024,214.11
06/02/2024,215.68
07/02/2024,216.41
08/02/2024,217.27
09/02/2024,220.14
10/02/2024,216.99
11/02/2024,210.29
12/02/2024,217.02
13/02/2024,218.07
14/02/2024,220.55
15/02/2024,219.5
16/02/2024,221.99
17/02/2024,218.66
18/02/2024,211.37
19/02/2024,213.78
20/02/2024,216.81
21/02/2024,215.97
22/02/2024,217.39
23/02/2024,222
24/02/2024,219.48
25/02/2024,214.55
26/02/2024,219.48
27/02/2024,219.27
28/02/2024,218.55
29/02/2024,218.04
01/03/2024,219.08
02/03/2024,203.13
03/03/2024,193.3
04/03/2024,206.56
05/03/2024,211.53
06/03/2024,213.02
07/03/2024,214.95
08/03/2024,219.02
09/03/2024,212.23
10/03/2024,206.22
11/03/2024,218
12/03/2024,218.9
13/03/2024,220.56
14/03/2024,217.55
15/03/2024,221.7
16/03/2024,217.35
17/03/2024,205.07
18/03/2024,218.27
19/03/2024,215.8
20/03/2024,212.15
21/03/2024,208.36
22/03/2024,214.31
23/03/2024,211.75
24/03/2024,199.72
25/03/2024,182.6
26/03/2024,202.75
27/03/2024,211.2
28/03/2024,215.34
29/03/2024,219.73
30/03/2024,213.49
31/03/2024,201.53
01/04/2024,207.27
02/04/2024,209.5
03/04/2024,212.9
04/04/2024,216.47
05/04/2024,218.37
06/04/2024,215.88
07/04/2024,204.31
08/04/2024,209.7
09/04/2024,208.15
10/04/2024,209.65
11/04/2024,204.82
12/04/2024,206.12
13/04/2024,201.61
14/04/2024,195.64
15/04/2024,210.34
16/04/2024,214.96
17/04/2024,212.36
18/04/2024,214.07
19/04/2024,214.65
20/04/2024,212.5
21/04/2024,209.89
22/04/2024,213.85
23/04/2024,211.88
24/04/2024,218.11
25/04/2024,222.01
26/04/2024,217.03
27/04/2024,222.97
28/04/2024,214.12
29/04/2024,223.11
30/04/2024,224.18
01/05/2024,219.38
02/05/2024,222.03
03/05/2024,223.85
04/05/2024,229.78
05/05/2024,218.09
06/05/2024,233.01
07/05/2024,224.74
08/05/2024,223.82
09/05/2024,219.39
10/05/2024,223.52
11/05/2024,216.34
12/05/2024,206.85
13/05/2024,216.99
14/05/2024,220.33
15/05/2024,226.15
16/05/2024,226.37
17/05/2024,225.93
18/05/2024,229.58
19/05/2024,218.5
20/05/2024,228.72
21/05/2024,233.81
22/05/2024,235.06
23/05/2024,236.6
24/05/2024,239.96
25/05/2024,233.98
26/05/2024,222.11
27/05/2024,232.62
28/05/2024,237.95
29/05/2024,246.07
30/05/2024,250.07
31/05/2024,249.16
01/06/2024,245.42
02/06/2024,225.9
03/06/2024,236.38
04/06/2024,240.89
05/06/2024,238.59
06/06/2024,230.07
07/06/2024,231.95
08/06/2024,224.76
09/06/2024,217.24
10/06/2024,228.62
11/06/2024,231.02
12/06/2024,233.39
13/06/2024,234.86
14/06/2024,233.62
15/06/2024,238.96
16/06/2024,231.16
17/06/2024,240.14
18/06/2024,239.33
19/06/2024,239.06
20/06/2024,229.78
21/06/2024,227.66
22/06/2024,226.64
23/06/2024,216.26
24/06/2024,227
25/06/2024,230.6
26/06/2024,224.16
27/06/2024,216.12
28/06/2024,215.59
29/06/2024,212.17
30/06/2024,205.94
01/07/2024,208.85
02/07/2024,209.92
03/07/2024,206.1
04/07/2024,207.18
05/07/2024,208.63
06/07/2024,198.67
07/07/2024,197.97
08/07/2024,210.5
09/07/2024,214.98
10/07/2024,217.15
11/07/2024,221.08
12/07/2024,214.28
13/07/2024,213.33
14/07/2024,209.02
15/07/2024,214.56
16/07/2024,217.38
17/07/2024,219.59
18/07/2024,218.16
19/07/2024,215.8
20/07/2024,214.75
21/07/2024,207.82
22/07/2024,217.92
23/07/2024,215.22
24/07/2024,212.15
25/07/2024,212.53
26/07/2024,212.84
27/07/2024,211.52
28/07/2024,207.54
29/07/2024,223.08
30/07/2024,226.63
31/07/2024,225.36
01/08/2024,205.43
02/08/2024,200.01
03/08/2024,200.23
04/08/2024,195.68
05/08/2024,208.74
06/08/2024,206.52
07/08/2024,206.15
08/08/2024,208.74
09/08/2024,207.4
10/08/2024,206.43
11/08/2024,195.24
12/08/2024,206.25
13/08/2024,208.3
14/08/2024,215.36
15/08/2024,201.36
16/08/2024,216.69
17/08/2024,214.69
18/08/2024,205.48
19/08/2024,207.67
20/08/2024,208.95
21/08/2024,212.02
22/08/2024,214.45
23/08/2024,211.41
24/08/2024,205.46
25/08/2024,194.42
26/08/2024,202.18
27/08/2024,200.09
28/08/2024,207.08
29/08/2024,202.73
30/08/2024,208.97
31/08/2024,207
01/09/2024,195.9
02/09/2024,206.36
03/09/2024,206.76
04/09/2024,205.85
05/09/2024,209.15
06/09/2024,209.26
07/09/2024,201.23
08/09/2024,198.49
09/09/2024,210.94
10/09/2024,211.21
11/09/2024,207.17
12/09/2024,205.19
13/09/2024,204.09
14/09/2024,205.16
15/09/2024,196.19
16/09/2024,209.17
17/09/2024,207.62
18/09/2024,213.93
19/09/2024,217.27
20/09/2024,227.05
21/09/2024,224.59
22/09/2024,216.24
23/09/2024,230.61
24/09/2024,226.86
25/09/2024,218.87
26/09/2024,208.88
27/09/2024,205.51
28/09/2024,203.59
29/09/2024,200.24
30/09/2024,214.23
01/10/2024,217.59
02/10/2024,207.59
03/10/2024,219.22
04/10/2024,218.95
05/10/2024,215.15
06/10/2024,204.67
07/10/2024,215.44
08/10/2024,216.34
09/10/2024,217.07
10/10/2024,212.1
11/10/2024,203.06
12/10/2024,186.98
13/10/2024,190.08
14/10/2024,205.26
15/10/2024,205.07
16/10/2024,203.93
17/10/2024,207.77
18/10/2024,208.27
19/10/2024,204.92
20/10/2024,194.82
21/10/2024,207.13
22/10/2024,208.18
23/10/2024,207.9
24/10/2024,204.6
25/10/2024,202.65
26/10/2024,203.85
27/10/2024,194.67
28/10/2024,206.5
29/10/2024,208.56
30/10/2024,205.7
31/10/2024,182.87
01/11/2024,171.52
02/11/2024,173.37
03/11/2024,171.95
04/11/2024,189.94
05/11/2024,194.14
06/11/2024,198.37
07/11/2024,199.12
08/11/2024,199.92
09/11/2024,198.43
10/11/2024,191.38
11/11/2024,201.92
12/11/2024,201.98
13/11/2024,199.26
14/11/2024,199.35
15/11/2024,200.17
16/11/2024,194.38
17/11/2024,185.8
18/11/2024,195.58
19/11/2024,197.35
20/11/2024,196.81
21/11/2024,199.42
22/11/2024,203.81
23/11/2024,203.77
24/11/2024,196.51
25/11/2024,203.85
26/11/2024,203.89
27/11/2024,202.36
28/11/2024,203.1
29/11/2024,207.43
30/11/2024,205.3
01/12/2024,194.28
02/12/2024,202.96
03/12/2024,202.18
04/12/2024,204.29
05/12/2024,205.86
06/12/2024,208.02
07/12/2024,205.21
08/12/2024,200.03
09/12/2024,206.18
10/12/2024,210.58
11/12/2024,211.19
12/12/2024,211.75
13/12/2024,213.94
14/12/2024,210.5
15/12/2024,205.08
16/12/2024,212.81
17/12/2024,217.26
18/12/2024,217.75
19/12/2024,219.72
20/12/2024,224.17
21/12/2024,218.79
22/12/2024,211.81
23/12/2024,216.17
24/12/2024,218.81
25/12/2024,220.23
26/12/2024,218.59
27/12/2024,210.82
28/12/2024,197.74
29/12/2024,199.5
30/12/2024,210.78
31/12/2024,214.79
01/01/2025,214.65
02/01/2025,215.04
03/01/2025,221.65
04/01/2025,219.31
05/01/2025,213.66
06/01/2025,223.96
07/01/2025,228.07
08/01/2025,227.2
09/01/2025,226.97
10/01/2025,230.85
11/01/2025,226.01
12/01/2025,214.04
13/01/2025,220.65
14/01/2025,215.56
15/01/2025,216.78
16/01/2025,220.36
17/01/2025,227.25
18/01/2025,225.12
19/01/2025,218.37
20/01/2025,222.18
21/01/2025,226.04
22/01/2025,228.09
23/01/2025,227.35
24/01/2025,231.22
25/01/2025,229.69
26/01/2025,217.83
27/01/2025,230.45
28/01/2025,234.95
29/01/2025,237.31
30/01/2025,234.53
31/01/2025,236.82
01/02/2025,232.31
02/02/2025,224.44
03/02/2025,231.37
04/02/2025,232.08
05/02/2025,233.36
06/02/2025,234.14
07/02/2025,238.14
08/02/2025,234.12
09/02/2025,228.29
10/02/2025,235
11/02/2025,234.86
12/02/2025,236.79
13/02/2025,234.7
14/02/2025,234.58
15/02/2025,233.86
16/02/2025,225.22
17/02/2025,234.28
18/02/2025,236.17
19/02/2025,236.8
20/02/2025,227.68
21/02/2025,232.39
22/02/2025,229.83
23/02/2025,218.01
24/02/2025,229.87
25/02/2025,231.41
26/02/2025,233.74
27/02/2025,227.52
28/02/2025,231.76
01/03/2025,223.49
02/03/2025,212.88
03/03/2025,226.8
04/03/2025,229.57
05/03/2025,221.97
06/03/2025,226.23
07/03/2025,233.01
08/03/2025,229.96
09/03/2025,223.31
10/03/2025,233.62
11/03/2025,235.22
12/03/2025,233.41
13/03/2025,230.51
14/03/2025,199.14
15/03/2025,210
16/03/2025,209.16
17/03/2025,222.99
18/03/2025,223.11
19/03/2025,226.69
20/03/2025,225.88
21/03/2025,226.15
22/03/2025,218.03
23/03/2025,204.56
24/03/2025,220.44
25/03/2025,221.85
26/03/2025,223.73
27/03/2025,224.23
28/03/2025,221.06
29/03/2025,215.87
30/03/2025,209.54
31/03/2025,215.42
01/04/2025,216.69
02/04/2025,213.9
03/04/2025,213.74
04/04/2025,210.24
05/04/2025,210.82
06/04/2025,199.42
07/04/2025,216.33
08/04/2025,221.56
09/04/2025,223.55
10/04/2025,212.31
11/04/2025,207.28
12/04/2025,207.23
13/04/2025,198.03
14/04/2025,207.5
15/04/2025,215.14
16/04/2025,219.88
17/04/2025,220.74
18/04/2025,213.87
19/04/2025,220.28
20/04/2025,215.76
21/04/2025,227.12
22/04/2025,227.77
23/04/2025,226.96
24/04/2025,233.32
25/04/2025,235.19
26/04/2025,232.47
27/04/2025,218.77
28/04/2025,226
29/04/2025,222.99
30/04/2025,223.87
01/05/2025,215.1
02/05/2025,213.64
03/05/2025,214.71
04/05/2025,202.75
05/05/2025,208.33
06/05/2025,202.39
07/05/2025,202.21
08/05/2025,208.59
09/05/2025,212.52
10/05/2025,216.41
11/05/2025,212.45
12/05/2025,223.58
13/05/2025,226.13
14/05/2025,230.01
15/05/2025,230.99
16/05/2025,228.76
17/05/2025,223.51
18/05/2025,215.85
19/05/2025,223.89
20/05/2025,226.94
21/05/2025,220.8
22/05/2025,215.31
23/05/2025,220.36
24/05/2025,215.36
25/05/2025,200.72
26/05/2025,212.99
27/05/2025,213.44
28/05/2025,213.19
29/05/2025,212.47
30/05/2025,212.06
31/05/2025,213.92
01/06/2025,207.98
02/06/2025,216.6
03/06/2025,211.11
04/06/2025,211.62
05/06/2025,217.43
06/06/2025,225.25
07/06/2025,232.32
08/06/2025,227.16
09/06/2025,240.85
10/06/2025,242.35
11/06/2025,241.83
12/06/2025,242.49
13/06/2025,241.13
14/06/2025,240.94
15/06/2025,226.2
16/06/2025,221.63
17/06/2025,213.52
18/06/2025,220.43
19/06/2025,216.51
20/06/2025,219.2
21/06/2025,224.05
22/06/2025,217.7
23/06/2025,217.82
24/06/2025,220.47
25/06/2025,215.73
26/06/2025,218.21
27/06/2025,219.56
28/06/2025,217.19
29/06/2025,208.89
30/06/2025,208.37
01/07/2025,208.92
02/07/2025,212.39
03/07/2025,215.37
04/07/2025,218.39
05/07/2025,219.32
06/07/2025,209.21
07/07/2025,216.44
08/07/2025,220.07
09/07/2025,215.84
10/07/2025,214.41
11/07/2025,219.45
12/07/2025,218.58
13/07/2025,210.98
14/07/2025,213.62
15/07/2025,216.48
16/07/2025,215.18
17/07/2025,217.68
18/07/2025,217.77
19/07/2025,218.31
20/07/2025,212.42
21/07/2025,220.59
22/07/2025,218.35
23/07/2025,218.08
24/07/2025,219.21
25/07/2025,218.3
26/07/2025,212.3
27/07/2025,209.71
28/07/2025,219.43
29/07/2025,216.4
30/07/2025,218.32
31/07/2025,216.46
01/08/2025,218.36
02/08/2025,220.51
03/08/2025,209.45
04/08/2025,220.81
05/08/2025,222.61
06/08/2025,224.67
07/08/2025,229.72
08/08/2025,228.3
09/08/2025,210.48
10/08/2025,208.98
11/08/2025,224.83
12/08/2025,224.92
13/08/2025,221.88
14/08/2025,217.57
15/08/2025,201.38
16/08/2025,210.68
17/08/2025,204.58
18/08/2025,216.1
19/08/2025,219.13
20/08/2025,217.54
21/08/2025,218.53
22/08/2025,219.06
23/08/2025,213.82
24/08/2025,196.7
25/08/2025,211.01
26/08/2025,211.72
27/08/2025,205.57
28/08/2025,215.45
29/08/2025,215.24
30/08/2025,215.97
31/08/2025,199.16
01/09/2025,203
02/09/2025,202.49
03/09/2025,205.35
04/09/2025,205.63
05/09/2025,210.06
06/09/2025,205.69
07/09/2025,198.51
08/09/2025,211.23
09/09/2025,216.65
10/09/2025,222.91
11/09/2025,222.01
12/09/2025,223.77
13/09/2025,223.71
14/09/2025,214.08
15/09/2025,225.41
16/09/2025,224.53
17/09/2025,218.87
18/09/2025,224.43
19/09/2025,224.8
20/09/2025,222.14
21/09/2025,212.34
22/09/2025,226.11
23/09/2025,226.83
24/09/2025,229.16
25/09/2025,228.6
26/09/2025,224.16
27/09/2025,222.74
28/09/2025,214.31
29/09/2025,226.56
30/09/2025,215.61
01/10/2025,205.15
02/10/2025,185.92
03/10/2025,208.7
04/10/2025,207.99
05/10/2025,195.61
06/10/2025,201.57
07/10/2025,204.52
08/10/2025,206.13
09/10/2025,207.28
10/10/2025,205.92
11/10/2025,206.28
12/10/2025,194.45
13/10/2025,209.43
14/10/2025,209.11
15/10/2025,209.06
16/10/2025,210.71
17/10/2025,209.67
18/10/2025,204.44
19/10/2025,191.64
20/10/2025,180.14
21/10/2025,176.51
22/10/2025,182.22
23/10/2025,190.18
24/10/2025,197.09
25/10/2025,198.25
26/10/2025,185.96
27/10/2025,189.37
28/10/2025,188.91
29/10/2025,191.25
30/10/2025,191.29
31/10/2025,191.22
01/11/2025,189.17
02/11/2025,181.35
03/11/2025,196.75
04/11/2025,195.97
05/11/2025,196.31
06/11/2025,196.01
07/11/2025,195.37
08/11/2025,193.18
09/11/2025,178.79
10/11/2025,192.25
11/11/2025,197.38
12/11/2025,196.88
13/11/2025,200.2
14/11/2025,199.06
15/11/2025,197.02
16/11/2025,187.96
17/11/2025,197.06
18/11/2025,198.17
19/11/2025,199.71
20/11/2025,203.43
21/11/2025,210.09
22/11/2025,204.32
23/11/2025,198.36
24/11/2025,205.97
25/11/2025,207.62
26/11/2025,210.89
27/11/2025,211.86
28/11/2025,215.54
29/11/2025,211.58
30/11/2025,203.78
01/12/2025,206.21
02/12/2025,214.3
03/12/2025,215.3
04/12/2025,214.1
05/12/2025,217.92
06/12/2025,213.93
07/12/2025,207
08/12/2025,216.11
09/12/2025,220.4
10/12/2025,222.47
11/12/2025,221.09
12/12/2025,224.75
13/12/2025,221.58
14/12/2025,214.18
15/12/2025,220.26
16/12/2025,224.34
17/12/2025,226.99
18/12/2025,227.08
19/12/2025,230.41
20/12/2025,229.25
21/12/2025,226.53
22/12/2025,230.41
23/12/2025,231.31
24/12/2025,236.09
25/12/2025,236.04